user_id,step_num,from_plan,to_plan,upgrade_date,next_upgrade_date,days_to_next
ceaebd28-07e9-462c-8931-dbb05673b297,1,Free,Pro,2024-07-29,2024-08-18,20.0
ceaebd28-07e9-462c-8931-dbb05673b297,2,Pro,Teams,2024-08-18,2024-09-08,21.0
ceaebd28-07e9-462c-8931-dbb05673b297,3,Teams,Enterprise,2024-09-08,,
9ad0d24a-0945-473e-9440-dcfef37fdfb9,1,Free,Pro,2024-10-12,2024-11-10,29.0
9ad0d24a-0945-473e-9440-dcfef37fdfb9,2,Pro,Teams,2024-11-10,,
e64699e1-e1e3-4dd1-ab6e-bc2e0dac2b37,1,Free,Pro,2025-04-12,,
0baef765-af02-4e82-a557-43f52abf0d1f,1,Free,Pro,2025-02-01,,
b217c602-00e4-433e-b3ce-8f9b70cda8a9,1,Free,Pro,2024-07-13,2024-07-23,10.0
b217c602-00e4-433e-b3ce-8f9b70cda8a9,2,Pro,Teams,2024-07-23,,
b4edfd1d-ec18-468e-a1b1-84f04eb307bb,1,Free,Pro,2024-07-29,,
0a4ef6bf-9b36-4b96-819a-b00cf0a0e830,1,Free,Pro,2024-11-30,,
e759e027-1ee1-46a3-b2ae-333c5a869a0b,1,Free,Pro,2024-09-01,,
96631624-ed91-44be-8387-7c62c7e64ffd,1,Free,Pro,2025-04-14,,
2081699a-cb29-4f0a-97e3-30b3279c7e47,1,Free,Pro,2024-10-03,2024-10-29,26.0
2081699a-cb29-4f0a-97e3-30b3279c7e47,2,Pro,Teams,2024-10-29,,
37794678-d7e3-48af-bb20-e5a75bf089f2,1,Free,Pro,2025-04-22,2025-05-13,21.0
37794678-d7e3-48af-bb20-e5a75bf089f2,2,Pro,Teams,2025-05-13,2025-05-25,12.0
37794678-d7e3-48af-bb20-e5a75bf089f2,3,Teams,Enterprise,2025-05-25,,
956d2f4c-0e4b-4b35-9f28-b4dab04f541e,1,Free,Pro,2025-02-14,2025-03-12,26.0
956d2f4c-0e4b-4b35-9f28-b4dab04f541e,2,Pro,Teams,2025-03-12,,
0fbcfbdf-7932-4d13-9178-7563e3ba7010,1,Free,Pro,2025-02-13,2025-03-13,28.0
0fbcfbdf-7932-4d13-9178-7563e3ba7010,2,Pro,Teams,2025-03-13,2025-04-07,25.0
0fbcfbdf-7932-4d13-9178-7563e3ba7010,3,Teams,Enterprise,2025-04-07,,
656cf4a5-7179-4039-b0ca-000c9bb4d827,1,Free,Pro,2025-01-13,,
47935d1a-8447-47c1-bfe5-8d0479843f24,1,Free,Pro,2025-04-20,,
d088a9fc-972a-40a2-84e6-e775ea7f2db4,1,Free,Pro,2024-12-25,,
2a3f3e88-e0c8-4fa7-9d02-242265cb3c92,1,Free,Pro,2025-03-28,,
1afdc402-19b0-43cf-81ac-76af8175e7a4,1,Free,Pro,2024-10-01,2024-10-18,17.0
1afdc402-19b0-43cf-81ac-76af8175e7a4,2,Pro,Teams,2024-10-18,2024-11-09,22.0
1afdc402-19b0-43cf-81ac-76af8175e7a4,3,Teams,Enterprise,2024-11-09,,
98d05fa4-3cce-4b3a-b890-edfa9afc8ca2,1,Free,Pro,2024-10-05,,
c167cc7d-2afb-4936-ab15-97eea81926d4,1,Free,Pro,2024-08-08,2024-08-28,20.0
c167cc7d-2afb-4936-ab15-97eea81926d4,2,Pro,Teams,2024-08-28,,
fcc2e158-082e-4de4-9648-0662d2050c64,1,Free,Pro,2024-12-06,2024-12-27,21.0
fcc2e158-082e-4de4-9648-0662d2050c64,2,Pro,Teams,2024-12-27,,
d823d592-d171-4783-adcc-3783280c5335,1,Free,Pro,2024-12-09,2024-12-21,12.0
d823d592-d171-4783-adcc-3783280c5335,2,Pro,Teams,2024-12-21,2025-01-08,18.0
d823d592-d171-4783-adcc-3783280c5335,3,Teams,Enterprise,2025-01-08,,
bbb270e2-0779-43a4-b18e-e99fb51e9bf8,1,Free,Pro,2024-12-16,,
7bfe67da-c18d-4b9e-8762-6f6a770a6315,1,Free,Pro,2024-08-25,2024-09-21,27.0
7bfe67da-c18d-4b9e-8762-6f6a770a6315,2,Pro,Teams,2024-09-21,,
31db5a9e-655b-4c63-9c73-79452cfb9cfb,1,Free,Pro,2024-10-03,2024-10-30,27.0
31db5a9e-655b-4c63-9c73-79452cfb9cfb,2,Pro,Teams,2024-10-30,,
f4e4d064-bc06-4bfe-803c-706a54684352,1,Free,Pro,2024-09-20,,
30e2ec59-f4c2-4785-afdd-990e1c3abe39,1,Free,Pro,2025-04-12,2025-04-25,13.0
30e2ec59-f4c2-4785-afdd-990e1c3abe39,2,Pro,Teams,2025-04-25,,
a1a3113a-4bdf-4ee3-8e40-5069223033b9,1,Free,Pro,2024-08-15,,
dbca2683-d09a-485b-8635-480d5058f9cf,1,Free,Pro,2024-11-23,2024-12-22,29.0
dbca2683-d09a-485b-8635-480d5058f9cf,2,Pro,Teams,2024-12-22,,
9d1c7490-9595-4024-ad50-c1a19fe03765,1,Free,Pro,2025-04-20,2025-05-04,14.0
9d1c7490-9595-4024-ad50-c1a19fe03765,2,Pro,Teams,2025-05-04,2025-05-20,16.0
9d1c7490-9595-4024-ad50-c1a19fe03765,3,Teams,Enterprise,2025-05-20,,
02982fa5-f322-4f27-bf54-fcda7cb175ae,1,Free,Pro,2024-08-15,2024-09-10,26.0
02982fa5-f322-4f27-bf54-fcda7cb175ae,2,Pro,Teams,2024-09-10,,
1d61f4d7-64c3-4597-ba51-090d514a5b4b,1,Free,Pro,2025-05-22,2025-06-19,28.0
1d61f4d7-64c3-4597-ba51-090d514a5b4b,2,Pro,Teams,2025-06-19,,
e780cbdd-7d31-4a71-a37f-79e586d7de51,1,Free,Pro,2025-05-01,2025-05-14,13.0
e780cbdd-7d31-4a71-a37f-79e586d7de51,2,Pro,Teams,2025-05-14,2025-05-30,16.0
e780cbdd-7d31-4a71-a37f-79e586d7de51,3,Teams,Enterprise,2025-05-30,,
95706d61-0587-4704-a785-4b4cc6d21188,1,Free,Pro,2025-04-24,,
a9c6b0fe-90f7-4d5d-8b99-5bfe824da78a,1,Free,Pro,2025-04-13,,
0025ae80-66c9-4495-b131-2abe0a9f2172,1,Free,Pro,2025-04-10,2025-05-04,24.0
0025ae80-66c9-4495-b131-2abe0a9f2172,2,Pro,Teams,2025-05-04,2025-05-28,24.0
0025ae80-66c9-4495-b131-2abe0a9f2172,3,Teams,Enterprise,2025-05-28,,
25101b0a-b86d-4951-a385-812a7c1cd64e,1,Free,Pro,2024-07-02,2024-07-27,25.0
25101b0a-b86d-4951-a385-812a7c1cd64e,2,Pro,Teams,2024-07-27,,
3129b14c-3e3d-46b5-8cc6-efdf74265177,1,Free,Pro,2025-02-08,2025-03-01,21.0
3129b14c-3e3d-46b5-8cc6-efdf74265177,2,Pro,Teams,2025-03-01,,
3aaf4bcf-057e-4472-b641-4fa537a062c9,1,Free,Pro,2025-06-05,,
92edd161-de12-4e07-94f3-82ccc4ba636a,1,Free,Pro,2024-08-14,2024-08-31,17.0
92edd161-de12-4e07-94f3-82ccc4ba636a,2,Pro,Teams,2024-08-31,,
cbbb1ebd-3a10-419a-b5db-4c0b944e719d,1,Free,Pro,2025-02-17,2025-03-18,29.0
cbbb1ebd-3a10-419a-b5db-4c0b944e719d,2,Pro,Teams,2025-03-18,2025-04-10,23.0
cbbb1ebd-3a10-419a-b5db-4c0b944e719d,3,Teams,Enterprise,2025-04-10,,
b0e240fe-fcad-4328-bccd-a87996bb1203,1,Free,Pro,2024-08-25,,
63f1d12d-6128-4edc-9ecf-0afbcc183350,1,Free,Pro,2025-01-22,,
47b861a1-fc77-478e-8078-d03716eef4a9,1,Free,Pro,2025-04-08,2025-05-03,25.0
47b861a1-fc77-478e-8078-d03716eef4a9,2,Pro,Teams,2025-05-03,,
77ce8451-82ee-4595-99eb-b9d3f9964405,1,Free,Pro,2024-10-17,2024-11-07,21.0
77ce8451-82ee-4595-99eb-b9d3f9964405,2,Pro,Teams,2024-11-07,,
1c957e8b-cbe3-4ca9-8ebc-5ef2fe34717c,1,Free,Pro,2025-04-21,2025-05-10,19.0
1c957e8b-cbe3-4ca9-8ebc-5ef2fe34717c,2,Pro,Teams,2025-05-10,2025-05-22,12.0
1c957e8b-cbe3-4ca9-8ebc-5ef2fe34717c,3,Teams,Enterprise,2025-05-22,,
661cac44-3b0c-4e87-8e1e-9f0c63178235,1,Free,Pro,2025-06-08,2025-07-06,28.0
661cac44-3b0c-4e87-8e1e-9f0c63178235,2,Pro,Teams,2025-07-06,2025-07-17,11.0
661cac44-3b0c-4e87-8e1e-9f0c63178235,3,Teams,Enterprise,2025-07-17,,
834cb374-e482-4ac6-9c7a-d1109e44cf4e,1,Free,Pro,2024-08-22,2024-09-17,26.0
834cb374-e482-4ac6-9c7a-d1109e44cf4e,2,Pro,Teams,2024-09-17,2024-10-07,20.0
834cb374-e482-4ac6-9c7a-d1109e44cf4e,3,Teams,Enterprise,2024-10-07,,
9d09add9-0521-4f65-ba31-64b437cd795c,1,Free,Pro,2024-08-14,2024-09-12,29.0
9d09add9-0521-4f65-ba31-64b437cd795c,2,Pro,Teams,2024-09-12,2024-09-30,18.0
9d09add9-0521-4f65-ba31-64b437cd795c,3,Teams,Enterprise,2024-09-30,,
9873ea05-5055-436c-afcf-fae1810c8395,1,Free,Pro,2024-09-29,2024-10-11,12.0
9873ea05-5055-436c-afcf-fae1810c8395,2,Pro,Teams,2024-10-11,2024-11-07,27.0
9873ea05-5055-436c-afcf-fae1810c8395,3,Teams,Enterprise,2024-11-07,,
452aea49-f113-4d5c-88f7-95dc46353572,1,Free,Pro,2024-08-29,2024-09-13,15.0
452aea49-f113-4d5c-88f7-95dc46353572,2,Pro,Teams,2024-09-13,,
b7c7baef-acf9-4393-9f35-6a63232706b5,1,Free,Pro,2025-05-01,2025-05-19,18.0
b7c7baef-acf9-4393-9f35-6a63232706b5,2,Pro,Teams,2025-05-19,2025-06-08,20.0
b7c7baef-acf9-4393-9f35-6a63232706b5,3,Teams,Enterprise,2025-06-08,,
9230b5c1-64e3-4a03-af01-793d1d551631,1,Free,Pro,2025-02-26,2025-03-12,14.0
9230b5c1-64e3-4a03-af01-793d1d551631,2,Pro,Teams,2025-03-12,2025-04-05,24.0
9230b5c1-64e3-4a03-af01-793d1d551631,3,Teams,Enterprise,2025-04-05,,
b07de9aa-cb41-44f9-a669-8cce99516d93,1,Free,Pro,2024-09-02,,
8be0c2ca-9995-463f-94eb-0aa305ad3375,1,Free,Pro,2024-10-14,,
8c970400-35fb-4a66-b6a9-fd20ca6e5990,1,Free,Pro,2025-03-27,,
b8cc38e5-9181-4318-aa96-3dec9dfcd7e0,1,Free,Pro,2024-12-07,,
d9d76df2-8895-4b70-a1f1-ab945e180324,1,Free,Pro,2025-04-07,2025-04-26,19.0
d9d76df2-8895-4b70-a1f1-ab945e180324,2,Pro,Teams,2025-04-26,2025-05-19,23.0
d9d76df2-8895-4b70-a1f1-ab945e180324,3,Teams,Enterprise,2025-05-19,,
b2579961-3957-46ac-97e1-96396606c983,1,Free,Pro,2025-01-03,,
56a5876d-93f6-4955-a83f-eb98eddb771a,1,Free,Pro,2025-01-01,,
ec993d47-3fb4-4185-a544-a93aba8f5ab7,1,Free,Pro,2024-12-06,2024-12-16,10.0
ec993d47-3fb4-4185-a544-a93aba8f5ab7,2,Pro,Teams,2024-12-16,2025-01-10,25.0
ec993d47-3fb4-4185-a544-a93aba8f5ab7,3,Teams,Enterprise,2025-01-10,,
f893750a-8c4b-40f1-a1eb-cf388d7bd6ac,1,Free,Pro,2025-05-02,,
e3f0f78a-b36b-4ffe-85d5-08f48045c4e5,1,Free,Pro,2024-11-27,,
e6c51705-6563-4c8e-a202-afd33f1c59f7,1,Free,Pro,2025-06-01,2025-06-19,18.0
e6c51705-6563-4c8e-a202-afd33f1c59f7,2,Pro,Teams,2025-06-19,2025-07-17,28.0
e6c51705-6563-4c8e-a202-afd33f1c59f7,3,Teams,Enterprise,2025-07-17,,
86ce6025-304a-4ac5-ae54-ca351f1f2be4,1,Free,Pro,2024-10-18,2024-10-30,12.0
86ce6025-304a-4ac5-ae54-ca351f1f2be4,2,Pro,Teams,2024-10-30,2024-11-22,23.0
86ce6025-304a-4ac5-ae54-ca351f1f2be4,3,Teams,Enterprise,2024-11-22,,
c58a524b-e62d-4390-94b2-3ca481fa6b48,1,Free,Pro,2024-10-11,,
c842127f-ddb2-4631-b5ef-5eaa01f4db66,1,Free,Pro,2025-03-20,2025-04-03,14.0
c842127f-ddb2-4631-b5ef-5eaa01f4db66,2,Pro,Teams,2025-04-03,2025-04-17,14.0
c842127f-ddb2-4631-b5ef-5eaa01f4db66,3,Teams,Enterprise,2025-04-17,,
cf9c7755-c6bb-4088-a960-b7ccbc04d1b7,1,Free,Pro,2024-11-20,,
cf8dcf90-23bb-4dc8-848e-2bf2b997a4ce,1,Free,Pro,2025-04-01,,
8e358ccb-0e27-44e2-b93f-df4720144e18,1,Free,Pro,2025-06-29,2025-07-12,13.0
8e358ccb-0e27-44e2-b93f-df4720144e18,2,Pro,Teams,2025-07-12,2025-07-23,11.0
8e358ccb-0e27-44e2-b93f-df4720144e18,3,Teams,Enterprise,2025-07-23,,
d02300f9-d867-4de3-b94b-824f8da02b09,1,Free,Pro,2025-01-18,2025-02-14,27.0
d02300f9-d867-4de3-b94b-824f8da02b09,2,Pro,Teams,2025-02-14,2025-02-28,14.0
d02300f9-d867-4de3-b94b-824f8da02b09,3,Teams,Enterprise,2025-02-28,,
d015ea73-3856-40ef-a984-429f6c998ab3,1,Free,Pro,2024-11-09,,
a29580e7-d8de-46fe-a525-b4de97185a00,1,Free,Pro,2025-03-21,2025-04-08,18.0
a29580e7-d8de-46fe-a525-b4de97185a00,2,Pro,Teams,2025-04-08,2025-05-06,28.0
a29580e7-d8de-46fe-a525-b4de97185a00,3,Teams,Enterprise,2025-05-06,,
c7e26c60-2dc5-4432-82b1-98f6980cb99d,1,Free,Pro,2024-09-07,2024-09-27,20.0
c7e26c60-2dc5-4432-82b1-98f6980cb99d,2,Pro,Teams,2024-09-27,,
0388712a-f900-484b-8c25-6221985bfa90,1,Free,Pro,2025-02-28,,
05c81f79-f06f-4ed6-b4ef-342f7cc1f3a5,1,Free,Pro,2025-02-16,2025-03-09,21.0
05c81f79-f06f-4ed6-b4ef-342f7cc1f3a5,2,Pro,Teams,2025-03-09,2025-04-05,27.0
05c81f79-f06f-4ed6-b4ef-342f7cc1f3a5,3,Teams,Enterprise,2025-04-05,,
a713e566-192b-4e16-99e4-59604b07f88a,1,Free,Pro,2025-03-27,2025-04-10,14.0
a713e566-192b-4e16-99e4-59604b07f88a,2,Pro,Teams,2025-04-10,,
00068e60-47de-4ab2-aff0-6026e58b0f7f,1,Free,Pro,2025-04-16,2025-05-13,27.0
00068e60-47de-4ab2-aff0-6026e58b0f7f,2,Pro,Teams,2025-05-13,,
1692b6f1-f00b-49f1-82e7-9806ad6aca58,1,Free,Pro,2024-09-14,2024-10-05,21.0
1692b6f1-f00b-49f1-82e7-9806ad6aca58,2,Pro,Teams,2024-10-05,2024-10-26,21.0
1692b6f1-f00b-49f1-82e7-9806ad6aca58,3,Teams,Enterprise,2024-10-26,,
16fbe57c-c952-42bc-ad42-13847f10edd3,1,Free,Pro,2025-01-16,2025-02-08,23.0
16fbe57c-c952-42bc-ad42-13847f10edd3,2,Pro,Teams,2025-02-08,,
102a5a57-655f-4f50-8d17-a8a010483455,1,Free,Pro,2024-10-27,,
c6de4e93-b0dd-4ee2-95aa-34de2193b00e,1,Free,Pro,2024-09-03,2024-09-21,18.0
c6de4e93-b0dd-4ee2-95aa-34de2193b00e,2,Pro,Teams,2024-09-21,2024-10-15,24.0
c6de4e93-b0dd-4ee2-95aa-34de2193b00e,3,Teams,Enterprise,2024-10-15,,
85922a68-4d83-472c-97d3-3f57c9fff0b8,1,Free,Pro,2024-10-10,2024-10-29,19.0
85922a68-4d83-472c-97d3-3f57c9fff0b8,2,Pro,Teams,2024-10-29,2024-11-18,20.0
85922a68-4d83-472c-97d3-3f57c9fff0b8,3,Teams,Enterprise,2024-11-18,,
cc3af491-9f19-4681-afb6-219891b764f1,1,Free,Pro,2024-08-20,,
1c7416c4-f3b8-4e05-8893-2b1dbd94a7eb,1,Free,Pro,2024-11-01,2024-11-26,25.0
1c7416c4-f3b8-4e05-8893-2b1dbd94a7eb,2,Pro,Teams,2024-11-26,2024-12-21,25.0
1c7416c4-f3b8-4e05-8893-2b1dbd94a7eb,3,Teams,Enterprise,2024-12-21,,
6200df19-8e2d-4228-a9bf-ff10b29369c6,1,Free,Pro,2024-08-25,2024-09-22,28.0
6200df19-8e2d-4228-a9bf-ff10b29369c6,2,Pro,Teams,2024-09-22,2024-10-18,26.0
6200df19-8e2d-4228-a9bf-ff10b29369c6,3,Teams,Enterprise,2024-10-18,,
f24049d8-179f-4ef9-acc7-c60b9b2568c3,1,Free,Pro,2025-06-27,2025-07-09,12.0
f24049d8-179f-4ef9-acc7-c60b9b2568c3,2,Pro,Teams,2025-07-09,2025-07-27,18.0
f24049d8-179f-4ef9-acc7-c60b9b2568c3,3,Teams,Enterprise,2025-07-27,,
17b2410c-238e-4493-a73b-2cb2226f064d,1,Free,Pro,2025-04-10,2025-05-02,22.0
17b2410c-238e-4493-a73b-2cb2226f064d,2,Pro,Teams,2025-05-02,2025-05-16,14.0
17b2410c-238e-4493-a73b-2cb2226f064d,3,Teams,Enterprise,2025-05-16,,
ac4ca7d4-9930-43b8-a470-922a2d8c5260,1,Free,Pro,2025-02-25,2025-03-12,15.0
ac4ca7d4-9930-43b8-a470-922a2d8c5260,2,Pro,Teams,2025-03-12,2025-04-02,21.0
ac4ca7d4-9930-43b8-a470-922a2d8c5260,3,Teams,Enterprise,2025-04-02,,
3aad057d-ce5e-4181-836a-ce7df243541c,1,Free,Pro,2024-12-28,,
d8733744-3705-452c-9723-e24625d2d6ad,1,Free,Pro,2025-05-21,,
3f982a87-4879-428e-8646-ecc3911406bb,1,Free,Pro,2025-02-07,,
e3f6221e-8837-4cd4-b7a8-7a7a5a903fbb,1,Free,Pro,2024-07-18,,
1523a46b-bf99-4102-9a7f-0347d310b94c,1,Free,Pro,2024-11-08,2024-12-06,28.0
1523a46b-bf99-4102-9a7f-0347d310b94c,2,Pro,Teams,2024-12-06,2024-12-30,24.0
1523a46b-bf99-4102-9a7f-0347d310b94c,3,Teams,Enterprise,2024-12-30,,
82c6d1f9-1e5d-4a5d-b522-539724a977a3,1,Free,Pro,2024-12-07,2024-12-29,22.0
82c6d1f9-1e5d-4a5d-b522-539724a977a3,2,Pro,Teams,2024-12-29,2025-01-22,24.0
82c6d1f9-1e5d-4a5d-b522-539724a977a3,3,Teams,Enterprise,2025-01-22,,
c9ec9e30-f405-44c8-afba-14af2da3753d,1,Free,Pro,2024-12-01,,
0f3011ab-894d-42d5-9e3c-bad5711c336e,1,Free,Pro,2025-05-30,2025-06-10,11.0
0f3011ab-894d-42d5-9e3c-bad5711c336e,2,Pro,Teams,2025-06-10,2025-06-20,10.0
0f3011ab-894d-42d5-9e3c-bad5711c336e,3,Teams,Enterprise,2025-06-20,,
419e51ec-d509-4843-8cc4-dd706cfa9780,1,Free,Pro,2025-04-25,2025-05-25,30.0
419e51ec-d509-4843-8cc4-dd706cfa9780,2,Pro,Teams,2025-05-25,2025-06-22,28.0
419e51ec-d509-4843-8cc4-dd706cfa9780,3,Teams,Enterprise,2025-06-22,,
cab1ddda-408d-41f9-ab71-68a9e6616970,1,Free,Pro,2025-01-29,2025-02-09,11.0
cab1ddda-408d-41f9-ab71-68a9e6616970,2,Pro,Teams,2025-02-09,,
7a044d8f-60d3-4d6e-b244-55b35882e794,1,Free,Pro,2024-11-13,2024-12-04,21.0
7a044d8f-60d3-4d6e-b244-55b35882e794,2,Pro,Teams,2024-12-04,2025-01-01,28.0
7a044d8f-60d3-4d6e-b244-55b35882e794,3,Teams,Enterprise,2025-01-01,,
55bb3fbc-c255-485e-9fcb-0ece4c32f43d,1,Free,Pro,2024-07-19,2024-08-02,14.0
55bb3fbc-c255-485e-9fcb-0ece4c32f43d,2,Pro,Teams,2024-08-02,,
97b2e76e-9957-4c8e-839e-71f9d59ef4cd,1,Free,Pro,2024-10-17,,
b6d6160b-47d5-4e6e-bb87-1bc6f720aed1,1,Free,Pro,2025-01-22,,
f7bfa711-b909-426c-b30e-33b04c0b18f9,1,Free,Pro,2025-02-06,2025-02-21,15.0
f7bfa711-b909-426c-b30e-33b04c0b18f9,2,Pro,Teams,2025-02-21,2025-03-23,30.0
f7bfa711-b909-426c-b30e-33b04c0b18f9,3,Teams,Enterprise,2025-03-23,,
20a235fe-7fdd-45db-a5fc-92a7a527b4a3,1,Free,Pro,2025-03-25,2025-04-09,15.0
20a235fe-7fdd-45db-a5fc-92a7a527b4a3,2,Pro,Teams,2025-04-09,,
6e4920a6-ff79-43ff-94bc-b2f66442f6fb,1,Free,Pro,2024-12-03,,
3366635c-4e92-4309-b6c3-7d264784ac2e,1,Free,Pro,2025-06-19,2025-07-17,28.0
3366635c-4e92-4309-b6c3-7d264784ac2e,2,Pro,Teams,2025-07-17,,
e7e2e994-98f9-4443-a58f-dedbf046d574,1,Free,Pro,2025-06-19,2025-06-29,10.0
e7e2e994-98f9-4443-a58f-dedbf046d574,2,Pro,Teams,2025-06-29,,
39cd4579-7307-429d-89ab-70f985f692ac,1,Free,Pro,2024-10-05,2024-10-28,23.0
39cd4579-7307-429d-89ab-70f985f692ac,2,Pro,Teams,2024-10-28,,
41164d13-057d-4137-93f2-77a96a6c5f29,1,Free,Pro,2024-08-25,2024-09-21,27.0
41164d13-057d-4137-93f2-77a96a6c5f29,2,Pro,Teams,2024-09-21,2024-10-12,21.0
41164d13-057d-4137-93f2-77a96a6c5f29,3,Teams,Enterprise,2024-10-12,,
a59c0e51-9620-4298-9f21-0e25a01a9eca,1,Free,Pro,2025-05-16,2025-06-15,30.0
a59c0e51-9620-4298-9f21-0e25a01a9eca,2,Pro,Teams,2025-06-15,,
4203d2f8-8297-4f85-9b17-3dffd832ca61,1,Free,Pro,2024-08-16,2024-09-05,20.0
4203d2f8-8297-4f85-9b17-3dffd832ca61,2,Pro,Teams,2024-09-05,2024-09-20,15.0
4203d2f8-8297-4f85-9b17-3dffd832ca61,3,Teams,Enterprise,2024-09-20,,
69e50e4e-823a-4969-a3fb-189c6aba18a9,1,Free,Pro,2024-07-22,2024-08-19,28.0
69e50e4e-823a-4969-a3fb-189c6aba18a9,2,Pro,Teams,2024-08-19,,
46eceab7-b8db-4d30-909b-f95e856780c2,1,Free,Pro,2024-08-16,,
6d0892e4-5d2a-4bf8-93d1-4cfa5c0d23f9,1,Free,Pro,2025-05-31,2025-06-26,26.0
6d0892e4-5d2a-4bf8-93d1-4cfa5c0d23f9,2,Pro,Teams,2025-06-26,2025-07-26,30.0
6d0892e4-5d2a-4bf8-93d1-4cfa5c0d23f9,3,Teams,Enterprise,2025-07-26,,
19c18cc0-0950-4864-96d3-65c1bbc42bf8,1,Free,Pro,2024-08-08,2024-08-29,21.0
19c18cc0-0950-4864-96d3-65c1bbc42bf8,2,Pro,Teams,2024-08-29,,
dca00eeb-2ae9-4b85-8211-fb06ec538035,1,Free,Pro,2024-09-13,,
ed23b745-7593-4fc9-936b-225e6a420e39,1,Free,Pro,2025-05-30,2025-06-11,12.0
ed23b745-7593-4fc9-936b-225e6a420e39,2,Pro,Teams,2025-06-11,2025-07-03,22.0
ed23b745-7593-4fc9-936b-225e6a420e39,3,Teams,Enterprise,2025-07-03,,
e25a51da-2e46-4bb9-ae39-797d738d1c75,1,Free,Pro,2024-11-19,,
c784a184-813a-4f76-a722-76ca48b09790,1,Free,Pro,2024-12-21,,
a188e504-1867-4e5b-9087-c687327deb44,1,Free,Pro,2025-04-04,2025-04-18,14.0
a188e504-1867-4e5b-9087-c687327deb44,2,Pro,Teams,2025-04-18,,
02811abe-5ba4-444a-b60e-6f4baeeb5ac1,1,Free,Pro,2024-08-06,,
cd7145cf-1783-456a-a6b7-fc2eed3f3951,1,Free,Pro,2024-09-22,2024-10-08,16.0
cd7145cf-1783-456a-a6b7-fc2eed3f3951,2,Pro,Teams,2024-10-08,2024-10-31,23.0
cd7145cf-1783-456a-a6b7-fc2eed3f3951,3,Teams,Enterprise,2024-10-31,,
1dbff21a-5f12-4b47-af1a-39f46c393c8e,1,Free,Pro,2024-07-21,,
fa3d401c-27d9-4a49-b5ca-941498979dc3,1,Free,Pro,2025-06-03,2025-06-18,15.0
fa3d401c-27d9-4a49-b5ca-941498979dc3,2,Pro,Teams,2025-06-18,,
70333629-2ef2-45f0-befd-8198e83b24a4,1,Free,Pro,2024-09-06,2024-10-02,26.0
70333629-2ef2-45f0-befd-8198e83b24a4,2,Pro,Teams,2024-10-02,2024-10-26,24.0
70333629-2ef2-45f0-befd-8198e83b24a4,3,Teams,Enterprise,2024-10-26,,
f822c56f-51ea-4622-b9d0-ad50971e730d,1,Free,Pro,2024-10-20,,
36fac21f-fe77-46ff-b86e-ddf8e39b05ba,1,Free,Pro,2025-03-25,2025-04-24,30.0
36fac21f-fe77-46ff-b86e-ddf8e39b05ba,2,Pro,Teams,2025-04-24,2025-05-17,23.0
36fac21f-fe77-46ff-b86e-ddf8e39b05ba,3,Teams,Enterprise,2025-05-17,,
764138b7-b853-4449-9841-aed28f531657,1,Free,Pro,2025-01-01,,
826254bd-08e5-48f2-a1d1-5b934897eaa6,1,Free,Pro,2024-07-31,2024-08-29,29.0
826254bd-08e5-48f2-a1d1-5b934897eaa6,2,Pro,Teams,2024-08-29,,
13124e68-ce00-41a4-84ae-1bcef55ed470,1,Free,Pro,2024-09-20,2024-10-15,25.0
13124e68-ce00-41a4-84ae-1bcef55ed470,2,Pro,Teams,2024-10-15,2024-11-02,18.0
13124e68-ce00-41a4-84ae-1bcef55ed470,3,Teams,Enterprise,2024-11-02,,
d85846bf-d2b9-4b54-9af0-e56acbbe2978,1,Free,Pro,2024-12-24,2025-01-12,19.0
d85846bf-d2b9-4b54-9af0-e56acbbe2978,2,Pro,Teams,2025-01-12,,
8eed254c-dc0f-418b-b657-82515a02121d,1,Free,Pro,2024-12-04,2024-12-30,26.0
8eed254c-dc0f-418b-b657-82515a02121d,2,Pro,Teams,2024-12-30,2025-01-14,15.0
8eed254c-dc0f-418b-b657-82515a02121d,3,Teams,Enterprise,2025-01-14,,
96cf94b6-0bf1-489e-b0a0-9dd090a876d6,1,Free,Pro,2025-02-25,2025-03-16,19.0
96cf94b6-0bf1-489e-b0a0-9dd090a876d6,2,Pro,Teams,2025-03-16,,
e14b634e-e2c5-4e6a-ba1a-6f6eaa251583,1,Free,Pro,2025-02-10,,
3d3c3340-00ae-43b8-a8ab-d3a02382b376,1,Free,Pro,2025-05-20,,
441b8a65-0781-4df7-b0be-016d350b0583,1,Free,Pro,2025-06-27,,
24fb555a-65fa-499a-8ce2-d51bf2fe2a3b,1,Free,Pro,2024-08-01,2024-08-31,30.0
24fb555a-65fa-499a-8ce2-d51bf2fe2a3b,2,Pro,Teams,2024-08-31,,
72dd4368-1745-442f-8555-545bf77bdae5,1,Free,Pro,2024-07-09,2024-08-05,27.0
72dd4368-1745-442f-8555-545bf77bdae5,2,Pro,Teams,2024-08-05,2024-08-19,14.0
72dd4368-1745-442f-8555-545bf77bdae5,3,Teams,Enterprise,2024-08-19,,
f11f5b8f-367e-455d-b704-01edac1971ce,1,Free,Pro,2024-11-09,2024-12-07,28.0
f11f5b8f-367e-455d-b704-01edac1971ce,2,Pro,Teams,2024-12-07,,
d8cfe951-4756-40b7-83ad-d86df1fe98ce,1,Free,Pro,2024-08-06,2024-08-23,17.0
d8cfe951-4756-40b7-83ad-d86df1fe98ce,2,Pro,Teams,2024-08-23,,
245aa589-3d86-4986-bdde-666997fbc87f,1,Free,Pro,2025-06-02,,
acb349ce-1729-40c1-ad84-8e80d6431c98,1,Free,Pro,2024-09-11,2024-10-04,23.0
acb349ce-1729-40c1-ad84-8e80d6431c98,2,Pro,Teams,2024-10-04,,
9753decb-304e-47ed-99bc-3381fd0771c8,1,Free,Pro,2024-10-22,,
076b4180-a7b4-4969-8b5a-2dfb60b18c82,1,Free,Pro,2024-11-21,,
cb56d114-f32b-4086-9407-7fa62b5e641d,1,Free,Pro,2025-03-28,2025-04-25,28.0
cb56d114-f32b-4086-9407-7fa62b5e641d,2,Pro,Teams,2025-04-25,2025-05-20,25.0
cb56d114-f32b-4086-9407-7fa62b5e641d,3,Teams,Enterprise,2025-05-20,,
05d9f528-b14a-427e-a2d8-908f884a949c,1,Free,Pro,2024-11-22,2024-12-04,12.0
05d9f528-b14a-427e-a2d8-908f884a949c,2,Pro,Teams,2024-12-04,2024-12-15,11.0
05d9f528-b14a-427e-a2d8-908f884a949c,3,Teams,Enterprise,2024-12-15,,
cfae242f-8bc8-4e64-8e4f-539cba4cc2cd,1,Free,Pro,2025-04-21,2025-05-01,10.0
cfae242f-8bc8-4e64-8e4f-539cba4cc2cd,2,Pro,Teams,2025-05-01,,
648a322b-5be0-4181-93b9-e53b190d653a,1,Free,Pro,2024-10-05,2024-10-16,11.0
648a322b-5be0-4181-93b9-e53b190d653a,2,Pro,Teams,2024-10-16,2024-11-11,26.0
648a322b-5be0-4181-93b9-e53b190d653a,3,Teams,Enterprise,2024-11-11,,
f8cf4efa-ecc1-4b59-91d7-3baf76fcee50,1,Free,Pro,2025-03-07,2025-03-26,19.0
f8cf4efa-ecc1-4b59-91d7-3baf76fcee50,2,Pro,Teams,2025-03-26,2025-04-25,30.0
f8cf4efa-ecc1-4b59-91d7-3baf76fcee50,3,Teams,Enterprise,2025-04-25,,
22af7a75-a4d7-466a-823e-32267cc33098,1,Free,Pro,2024-11-08,2024-12-03,25.0
22af7a75-a4d7-466a-823e-32267cc33098,2,Pro,Teams,2024-12-03,,
e3b0c48b-a882-40ff-aa55-8b9e3b6b2b1c,1,Free,Pro,2025-03-23,,
628ae9ef-bdcb-472a-8cfd-18f78e055004,1,Free,Pro,2025-05-23,2025-06-22,30.0
628ae9ef-bdcb-472a-8cfd-18f78e055004,2,Pro,Teams,2025-06-22,,
d213da25-1a2e-43cc-a20f-ec59c5b6fb0c,1,Free,Pro,2024-10-02,2024-10-25,23.0
d213da25-1a2e-43cc-a20f-ec59c5b6fb0c,2,Pro,Teams,2024-10-25,2024-11-09,15.0
d213da25-1a2e-43cc-a20f-ec59c5b6fb0c,3,Teams,Enterprise,2024-11-09,,
d9545625-e1cd-4962-8fbb-641058cd7e1d,1,Free,Pro,2025-07-03,,
d3329665-6e0f-42cb-9cbc-6191a7447ecd,1,Free,Pro,2025-06-14,,
94f7970c-5103-4d98-8c8f-83360b748049,1,Free,Pro,2024-07-14,2024-08-07,24.0
94f7970c-5103-4d98-8c8f-83360b748049,2,Pro,Teams,2024-08-07,2024-09-06,30.0
94f7970c-5103-4d98-8c8f-83360b748049,3,Teams,Enterprise,2024-09-06,,
e35176cd-84d1-496d-9374-f1d4a9121371,1,Free,Pro,2024-08-17,2024-09-03,17.0
e35176cd-84d1-496d-9374-f1d4a9121371,2,Pro,Teams,2024-09-03,2024-09-14,11.0
e35176cd-84d1-496d-9374-f1d4a9121371,3,Teams,Enterprise,2024-09-14,,
11113b33-2fdd-4632-86aa-528ecdb0211f,1,Free,Pro,2024-11-15,2024-11-25,10.0
11113b33-2fdd-4632-86aa-528ecdb0211f,2,Pro,Teams,2024-11-25,2024-12-13,18.0
11113b33-2fdd-4632-86aa-528ecdb0211f,3,Teams,Enterprise,2024-12-13,,
c667b22f-e6a4-458d-b750-1ea9e67ea5f0,1,Free,Pro,2025-04-12,2025-05-05,23.0
c667b22f-e6a4-458d-b750-1ea9e67ea5f0,2,Pro,Teams,2025-05-05,2025-06-03,29.0
c667b22f-e6a4-458d-b750-1ea9e67ea5f0,3,Teams,Enterprise,2025-06-03,,
79e20197-3b30-4304-8a76-22f63ea6e905,1,Free,Pro,2025-01-02,2025-01-14,12.0
79e20197-3b30-4304-8a76-22f63ea6e905,2,Pro,Teams,2025-01-14,,
34f14328-f398-4e35-bdcb-e52f245f0a8e,1,Free,Pro,2025-05-22,2025-06-21,30.0
34f14328-f398-4e35-bdcb-e52f245f0a8e,2,Pro,Teams,2025-06-21,2025-07-20,29.0
34f14328-f398-4e35-bdcb-e52f245f0a8e,3,Teams,Enterprise,2025-07-20,,
8a413fc5-7506-40a2-90b3-b54565794610,1,Free,Pro,2025-04-27,2025-05-23,26.0
8a413fc5-7506-40a2-90b3-b54565794610,2,Pro,Teams,2025-05-23,2025-06-19,27.0
8a413fc5-7506-40a2-90b3-b54565794610,3,Teams,Enterprise,2025-06-19,,
b663eb2b-3e2e-4533-976a-c1daff62d749,1,Free,Pro,2024-12-14,2024-12-30,16.0
b663eb2b-3e2e-4533-976a-c1daff62d749,2,Pro,Teams,2024-12-30,2025-01-20,21.0
b663eb2b-3e2e-4533-976a-c1daff62d749,3,Teams,Enterprise,2025-01-20,,
81787166-e584-429b-9573-3254df5fca73,1,Free,Pro,2024-08-23,2024-09-20,28.0
81787166-e584-429b-9573-3254df5fca73,2,Pro,Teams,2024-09-20,,
62518391-6ada-4fce-b136-166db9b8e7d3,1,Free,Pro,2024-10-07,2024-10-28,21.0
62518391-6ada-4fce-b136-166db9b8e7d3,2,Pro,Teams,2024-10-28,2024-11-15,18.0
62518391-6ada-4fce-b136-166db9b8e7d3,3,Teams,Enterprise,2024-11-15,,
a1d9b675-85e9-4977-829b-2b38ab9d5d9d,1,Free,Pro,2025-05-13,2025-06-12,30.0
a1d9b675-85e9-4977-829b-2b38ab9d5d9d,2,Pro,Teams,2025-06-12,,
6c3ad5d8-1353-4872-a4d9-4ca61de72392,1,Free,Pro,2025-02-07,,
9ae4fba7-5e14-4841-9cb1-7c667da001ba,1,Free,Pro,2024-07-15,,
e5f17830-3c4b-446e-9c9f-736cc0178eea,1,Free,Pro,2025-04-02,2025-04-22,20.0
e5f17830-3c4b-446e-9c9f-736cc0178eea,2,Pro,Teams,2025-04-22,,
011146af-1416-429a-ac13-4ff3ea1810c9,1,Free,Pro,2025-02-09,,
92855dce-2b76-4123-98f4-5e6033e4b13b,1,Free,Pro,2025-02-24,,
6acb1854-67ac-42f1-b064-ac5a5c5e8225,1,Free,Pro,2025-01-09,2025-01-25,16.0
6acb1854-67ac-42f1-b064-ac5a5c5e8225,2,Pro,Teams,2025-01-25,2025-02-06,12.0
6acb1854-67ac-42f1-b064-ac5a5c5e8225,3,Teams,Enterprise,2025-02-06,,
04a09bb5-fca6-43db-b52a-9c085f582943,1,Free,Pro,2024-09-21,,
29f16333-92e3-4ee7-8743-0a6744884402,1,Free,Pro,2025-03-12,,
6260795b-7ba5-4fde-8f61-ee27fa20d930,1,Free,Pro,2025-02-13,,
0873b449-d81e-4995-971c-47368c28486b,1,Free,Pro,2024-07-25,2024-08-19,25.0
0873b449-d81e-4995-971c-47368c28486b,2,Pro,Teams,2024-08-19,2024-09-12,24.0
0873b449-d81e-4995-971c-47368c28486b,3,Teams,Enterprise,2024-09-12,,
48e452bf-ad21-45aa-990b-fd24c25c433e,1,Free,Pro,2025-04-16,,
f4ac9d74-a45d-421d-933a-86f64dcc83ad,1,Free,Pro,2025-06-16,,
96039791-383c-49d1-82f0-1059574af02a,1,Free,Pro,2024-08-22,,
261b2308-92b0-4c0b-9a25-dcc2b4b89186,1,Free,Pro,2025-02-16,,
c1b71f0f-1a05-45d8-b192-d3ced01721ed,1,Free,Pro,2024-10-05,2024-10-31,26.0
c1b71f0f-1a05-45d8-b192-d3ced01721ed,2,Pro,Teams,2024-10-31,,
771f33ea-a9d3-4daa-9693-3b1ef053795a,1,Free,Pro,2024-11-11,2024-12-10,29.0
771f33ea-a9d3-4daa-9693-3b1ef053795a,2,Pro,Teams,2024-12-10,2024-12-24,14.0
771f33ea-a9d3-4daa-9693-3b1ef053795a,3,Teams,Enterprise,2024-12-24,,
464e1a6c-b565-461d-9bc6-d000e1dc9d33,1,Free,Pro,2025-01-08,2025-02-07,30.0
464e1a6c-b565-461d-9bc6-d000e1dc9d33,2,Pro,Teams,2025-02-07,2025-02-28,21.0
464e1a6c-b565-461d-9bc6-d000e1dc9d33,3,Teams,Enterprise,2025-02-28,,
5d986e95-b694-4eb7-acbd-7f832672a07f,1,Free,Pro,2024-10-06,2024-11-03,28.0
5d986e95-b694-4eb7-acbd-7f832672a07f,2,Pro,Teams,2024-11-03,,
9331eb8f-6f23-480c-94c0-b934a0e1f963,1,Free,Pro,2024-07-07,,
e4ffbe80-2a43-42a8-87b6-178b7e29c123,1,Free,Pro,2025-03-16,2025-03-26,10.0
e4ffbe80-2a43-42a8-87b6-178b7e29c123,2,Pro,Teams,2025-03-26,2025-04-19,24.0
e4ffbe80-2a43-42a8-87b6-178b7e29c123,3,Teams,Enterprise,2025-04-19,,
9a111ed7-50fb-4597-b3ef-4ca8104ff888,1,Free,Pro,2025-05-26,,
b0811796-222b-4442-9c9f-05c068de259c,1,Free,Pro,2024-09-21,,
7b9eb129-b704-44fb-8c16-f2c87971e716,1,Free,Pro,2025-01-04,,
f6c85c21-6aa9-4e67-b58c-9bb6dcb85fd3,1,Free,Pro,2024-08-03,,
eb4a17e9-d6d6-4c09-ae74-085c8653a512,1,Free,Pro,2024-11-07,,
e9d377c4-8c91-4b05-9c70-155ae6956611,1,Free,Pro,2024-11-23,2024-12-04,11.0
e9d377c4-8c91-4b05-9c70-155ae6956611,2,Pro,Teams,2024-12-04,,
cc098d69-aff6-4e13-b065-5cfebc9895da,1,Free,Pro,2025-01-02,,
27f7be23-23f0-4528-a125-76e867385754,1,Free,Pro,2024-12-27,2025-01-13,17.0
27f7be23-23f0-4528-a125-76e867385754,2,Pro,Teams,2025-01-13,2025-01-26,13.0
27f7be23-23f0-4528-a125-76e867385754,3,Teams,Enterprise,2025-01-26,,
b33adfc8-4e30-49bf-a71c-177a979d710a,1,Free,Pro,2025-05-13,,
b73eafed-9801-4ea4-a268-efee1ccd81f5,1,Free,Pro,2024-10-20,2024-11-08,19.0
b73eafed-9801-4ea4-a268-efee1ccd81f5,2,Pro,Teams,2024-11-08,,
0b8ed032-c523-4f4d-887d-00fe4c46341f,1,Free,Pro,2025-04-21,,
f4719f9f-a46e-42da-8523-8f072137202d,1,Free,Pro,2024-09-15,2024-10-01,16.0
f4719f9f-a46e-42da-8523-8f072137202d,2,Pro,Teams,2024-10-01,2024-10-26,25.0
f4719f9f-a46e-42da-8523-8f072137202d,3,Teams,Enterprise,2024-10-26,,
79adce74-85b4-489e-a797-7da0d9003246,1,Free,Pro,2025-02-03,,
3d845d97-c30b-4f1b-b834-40969e7ba16e,1,Free,Pro,2024-08-18,2024-08-28,10.0
3d845d97-c30b-4f1b-b834-40969e7ba16e,2,Pro,Teams,2024-08-28,2024-09-17,20.0
3d845d97-c30b-4f1b-b834-40969e7ba16e,3,Teams,Enterprise,2024-09-17,,
8d97f494-a33f-454f-8c69-498ee8a6a57d,1,Free,Pro,2025-04-01,,
98de1b3f-6007-4dad-b5a5-f7e61af123bc,1,Free,Pro,2025-05-12,2025-05-22,10.0
98de1b3f-6007-4dad-b5a5-f7e61af123bc,2,Pro,Teams,2025-05-22,,
cdf8e79d-10b1-48b8-ace6-dc2355331711,1,Free,Pro,2025-05-28,2025-06-16,19.0
cdf8e79d-10b1-48b8-ace6-dc2355331711,2,Pro,Teams,2025-06-16,,
34f703a4-185c-4cd3-b309-7f9d78aee3b4,1,Free,Pro,2025-03-08,,
2ce4e8a2-703b-44b9-98e3-22aa42753e13,1,Free,Pro,2024-12-25,2025-01-19,25.0
2ce4e8a2-703b-44b9-98e3-22aa42753e13,2,Pro,Teams,2025-01-19,2025-02-15,27.0
2ce4e8a2-703b-44b9-98e3-22aa42753e13,3,Teams,Enterprise,2025-02-15,,
6d293b0d-d88d-4bcd-9799-bc05065fcea4,1,Free,Pro,2024-12-14,2025-01-03,20.0
6d293b0d-d88d-4bcd-9799-bc05065fcea4,2,Pro,Teams,2025-01-03,2025-01-19,16.0
6d293b0d-d88d-4bcd-9799-bc05065fcea4,3,Teams,Enterprise,2025-01-19,,
ef1c1328-e928-4b6c-97b0-8a13ccf04bdb,1,Free,Pro,2024-08-16,2024-08-27,11.0
ef1c1328-e928-4b6c-97b0-8a13ccf04bdb,2,Pro,Teams,2024-08-27,2024-09-13,17.0
ef1c1328-e928-4b6c-97b0-8a13ccf04bdb,3,Teams,Enterprise,2024-09-13,,
1014e975-7249-4f06-af8d-57291e16e4c5,1,Free,Pro,2024-10-25,2024-11-06,12.0
1014e975-7249-4f06-af8d-57291e16e4c5,2,Pro,Teams,2024-11-06,2024-11-28,22.0
1014e975-7249-4f06-af8d-57291e16e4c5,3,Teams,Enterprise,2024-11-28,,
d32ff1a7-8e31-4efd-bd1e-75c33eda785e,1,Free,Pro,2024-09-10,,
82eb8ca5-f670-49ff-a945-798940d1195c,1,Free,Pro,2025-04-24,,
ed3ff7a5-70cd-4d02-8ddb-c8f72c1150c5,1,Free,Pro,2025-01-31,2025-02-28,28.0
ed3ff7a5-70cd-4d02-8ddb-c8f72c1150c5,2,Pro,Teams,2025-02-28,,
7192a834-7ffa-42a4-832e-0013aaca0e5f,1,Free,Pro,2024-08-20,2024-09-16,27.0
7192a834-7ffa-42a4-832e-0013aaca0e5f,2,Pro,Teams,2024-09-16,,
11e45b51-3332-41cd-a67c-00a073534385,1,Free,Pro,2025-04-21,2025-05-03,12.0
11e45b51-3332-41cd-a67c-00a073534385,2,Pro,Teams,2025-05-03,,
950fe663-810b-4724-8e62-fc59acc1c6e1,1,Free,Pro,2025-05-31,2025-06-19,19.0
950fe663-810b-4724-8e62-fc59acc1c6e1,2,Pro,Teams,2025-06-19,2025-07-19,30.0
950fe663-810b-4724-8e62-fc59acc1c6e1,3,Teams,Enterprise,2025-07-19,,
12bab781-173a-4c27-b9ca-c9186dcdd0b7,1,Free,Pro,2025-02-14,2025-03-04,18.0
12bab781-173a-4c27-b9ca-c9186dcdd0b7,2,Pro,Teams,2025-03-04,2025-03-23,19.0
12bab781-173a-4c27-b9ca-c9186dcdd0b7,3,Teams,Enterprise,2025-03-23,,
38758656-af71-4dcf-9fc3-5bd04ae729bc,1,Free,Pro,2024-07-07,2024-07-31,24.0
38758656-af71-4dcf-9fc3-5bd04ae729bc,2,Pro,Teams,2024-07-31,,
15ea30be-d211-4879-860d-dc1218ad8f43,1,Free,Pro,2025-03-27,2025-04-08,12.0
15ea30be-d211-4879-860d-dc1218ad8f43,2,Pro,Teams,2025-04-08,2025-05-02,24.0
15ea30be-d211-4879-860d-dc1218ad8f43,3,Teams,Enterprise,2025-05-02,,
ce432998-976d-4210-a4f2-e1ae40f1973a,1,Free,Pro,2025-03-24,2025-04-04,11.0
ce432998-976d-4210-a4f2-e1ae40f1973a,2,Pro,Teams,2025-04-04,,
3fa79971-e070-45ad-8ea2-80524a617dea,1,Free,Pro,2024-12-31,,
1404f512-1c72-45e7-8967-f1f115d0a909,1,Free,Pro,2024-09-25,,
01637da3-c7e2-4e6a-9ad4-a332537ed9c4,1,Free,Pro,2024-07-26,2024-08-18,23.0
01637da3-c7e2-4e6a-9ad4-a332537ed9c4,2,Pro,Teams,2024-08-18,2024-09-09,22.0
01637da3-c7e2-4e6a-9ad4-a332537ed9c4,3,Teams,Enterprise,2024-09-09,,
a55b1411-9f9d-4b5b-a994-82b757857120,1,Free,Pro,2024-08-24,2024-09-03,10.0
a55b1411-9f9d-4b5b-a994-82b757857120,2,Pro,Teams,2024-09-03,2024-09-15,12.0
a55b1411-9f9d-4b5b-a994-82b757857120,3,Teams,Enterprise,2024-09-15,,
18c0d1a6-2f00-4d4f-8d9a-8b8872a79d4e,1,Free,Pro,2024-09-29,2024-10-15,16.0
18c0d1a6-2f00-4d4f-8d9a-8b8872a79d4e,2,Pro,Teams,2024-10-15,,
ebe53af1-0d25-4d44-9abe-a7aaa994d4cc,1,Free,Pro,2025-05-01,2025-05-26,25.0
ebe53af1-0d25-4d44-9abe-a7aaa994d4cc,2,Pro,Teams,2025-05-26,2025-06-09,14.0
ebe53af1-0d25-4d44-9abe-a7aaa994d4cc,3,Teams,Enterprise,2025-06-09,,
c562e3fe-3a0f-4d71-8f58-8be7f6a5473b,1,Free,Pro,2025-01-06,,
bbf0cc19-e8da-48d9-9476-b86907729c5c,1,Free,Pro,2024-10-14,,
5b15795a-a5e5-455d-99af-8b875f1ae4bd,1,Free,Pro,2024-12-31,,
de569bf1-8de4-4e0f-bf01-814c7e1c7342,1,Free,Pro,2025-03-26,2025-04-16,21.0
de569bf1-8de4-4e0f-bf01-814c7e1c7342,2,Pro,Teams,2025-04-16,2025-05-15,29.0
de569bf1-8de4-4e0f-bf01-814c7e1c7342,3,Teams,Enterprise,2025-05-15,,
ab95e5ff-f966-4421-9eca-ceed1bf8b0df,1,Free,Pro,2025-04-02,2025-04-30,28.0
ab95e5ff-f966-4421-9eca-ceed1bf8b0df,2,Pro,Teams,2025-04-30,,
715aa22a-8e7b-45f6-a5c2-aefa1b7ffb94,1,Free,Pro,2025-01-18,2025-02-03,16.0
715aa22a-8e7b-45f6-a5c2-aefa1b7ffb94,2,Pro,Teams,2025-02-03,,
b7901637-66f2-47f9-8bdf-e7d49cd34ec9,1,Free,Pro,2025-02-17,,
4421bdca-8b64-45ae-bf81-ddd66043cb0c,1,Free,Pro,2024-11-11,2024-12-07,26.0
4421bdca-8b64-45ae-bf81-ddd66043cb0c,2,Pro,Teams,2024-12-07,2025-01-03,27.0
4421bdca-8b64-45ae-bf81-ddd66043cb0c,3,Teams,Enterprise,2025-01-03,,
ffea3bb2-07a5-4ead-af8e-546e6035c2ce,1,Free,Pro,2025-04-18,2025-05-16,28.0
ffea3bb2-07a5-4ead-af8e-546e6035c2ce,2,Pro,Teams,2025-05-16,2025-06-04,19.0
ffea3bb2-07a5-4ead-af8e-546e6035c2ce,3,Teams,Enterprise,2025-06-04,,
30ed3253-554b-41e3-b657-764e06e0a4a7,1,Free,Pro,2025-02-21,,
baf71c69-5b58-4110-8fc8-e24702e23b56,1,Free,Pro,2025-05-19,2025-06-18,30.0
baf71c69-5b58-4110-8fc8-e24702e23b56,2,Pro,Teams,2025-06-18,2025-07-09,21.0
baf71c69-5b58-4110-8fc8-e24702e23b56,3,Teams,Enterprise,2025-07-09,,
67f0f4d8-ef67-48d9-a628-d3b8937d965f,1,Free,Pro,2025-05-27,2025-06-06,10.0
67f0f4d8-ef67-48d9-a628-d3b8937d965f,2,Pro,Teams,2025-06-06,,
1309a906-8903-40f0-bf1b-fb4a212d9c1b,1,Free,Pro,2024-11-14,2024-11-29,15.0
1309a906-8903-40f0-bf1b-fb4a212d9c1b,2,Pro,Teams,2024-11-29,2024-12-20,21.0
1309a906-8903-40f0-bf1b-fb4a212d9c1b,3,Teams,Enterprise,2024-12-20,,
8ecab659-aff1-4be7-88e3-6f941d463038,1,Free,Pro,2024-09-27,2024-10-14,17.0
8ecab659-aff1-4be7-88e3-6f941d463038,2,Pro,Teams,2024-10-14,2024-10-28,14.0
8ecab659-aff1-4be7-88e3-6f941d463038,3,Teams,Enterprise,2024-10-28,,
7f7fae42-3ea5-4afe-a4ca-08fdf4ec0107,1,Free,Pro,2025-06-18,2025-07-09,21.0
7f7fae42-3ea5-4afe-a4ca-08fdf4ec0107,2,Pro,Teams,2025-07-09,,
cfe075ce-54a3-408a-a7a4-257ce1fcbf3b,1,Free,Pro,2025-04-21,2025-05-16,25.0
cfe075ce-54a3-408a-a7a4-257ce1fcbf3b,2,Pro,Teams,2025-05-16,,
69ba7da3-8cb7-4416-82ea-71a986f14fbe,1,Free,Pro,2024-09-21,2024-10-09,18.0
69ba7da3-8cb7-4416-82ea-71a986f14fbe,2,Pro,Teams,2024-10-09,2024-10-25,16.0
69ba7da3-8cb7-4416-82ea-71a986f14fbe,3,Teams,Enterprise,2024-10-25,,
9c59bc99-3684-4c6d-9099-896273b5a67e,1,Free,Pro,2025-01-21,,
2c121b5f-6969-40e1-90a0-8caa957d2673,1,Free,Pro,2025-01-04,2025-01-19,15.0
2c121b5f-6969-40e1-90a0-8caa957d2673,2,Pro,Teams,2025-01-19,2025-02-15,27.0
2c121b5f-6969-40e1-90a0-8caa957d2673,3,Teams,Enterprise,2025-02-15,,
b968cc60-3793-46e5-9553-e5a0c4489e00,1,Free,Pro,2025-04-01,2025-04-15,14.0
b968cc60-3793-46e5-9553-e5a0c4489e00,2,Pro,Teams,2025-04-15,2025-05-14,29.0
b968cc60-3793-46e5-9553-e5a0c4489e00,3,Teams,Enterprise,2025-05-14,,
c779b7f6-ac7e-4cfc-b5d8-c4bdb77c5976,1,Free,Pro,2025-05-31,,
75161ae1-4e72-4a03-a16d-d3b2cc14acec,1,Free,Pro,2025-02-04,,
6019d6fd-7e78-49c3-adfd-2c426bd4b173,1,Free,Pro,2025-01-15,2025-01-25,10.0
6019d6fd-7e78-49c3-adfd-2c426bd4b173,2,Pro,Teams,2025-01-25,,
95ecfaea-d9cd-4b48-8aed-2ccf734b84d5,1,Free,Pro,2025-01-13,,
0fe73fd8-a631-422d-ba7f-0f5f6abf2c25,1,Free,Pro,2025-02-08,2025-02-19,11.0
0fe73fd8-a631-422d-ba7f-0f5f6abf2c25,2,Pro,Teams,2025-02-19,,
bb4d09d8-372a-4f93-849e-5f658771a8e2,1,Free,Pro,2025-06-03,2025-06-17,14.0
bb4d09d8-372a-4f93-849e-5f658771a8e2,2,Pro,Teams,2025-06-17,,
c7075928-81b9-41c9-b975-e87daa24117a,1,Free,Pro,2025-01-07,2025-01-26,19.0
c7075928-81b9-41c9-b975-e87daa24117a,2,Pro,Teams,2025-01-26,2025-02-14,19.0
c7075928-81b9-41c9-b975-e87daa24117a,3,Teams,Enterprise,2025-02-14,,
1fedafbc-7fa7-4f45-ae6e-87cc4bcdbf10,1,Free,Pro,2024-11-09,2024-12-08,29.0
1fedafbc-7fa7-4f45-ae6e-87cc4bcdbf10,2,Pro,Teams,2024-12-08,,
db12e8f5-38c5-417e-88e9-12b22ecac64e,1,Free,Pro,2024-11-17,,
6d862683-6b05-4325-8ce8-2d7cdfa33a9a,1,Free,Pro,2024-12-19,2025-01-09,21.0
6d862683-6b05-4325-8ce8-2d7cdfa33a9a,2,Pro,Teams,2025-01-09,,
dd2fa24e-54b8-4d20-b599-415560ecc313,1,Free,Pro,2025-03-07,2025-04-01,25.0
dd2fa24e-54b8-4d20-b599-415560ecc313,2,Pro,Teams,2025-04-01,2025-04-27,26.0
dd2fa24e-54b8-4d20-b599-415560ecc313,3,Teams,Enterprise,2025-04-27,,
8844970b-26fe-4e87-ba5a-213fafdd2f9a,1,Free,Pro,2024-09-27,,
2dbde7b5-f6f4-47bf-ba73-3a9cce6f5693,1,Free,Pro,2024-10-17,,
cdc4de4f-9308-4be1-bdd3-202900e65ef2,1,Free,Pro,2025-01-16,2025-02-04,19.0
cdc4de4f-9308-4be1-bdd3-202900e65ef2,2,Pro,Teams,2025-02-04,2025-02-18,14.0
cdc4de4f-9308-4be1-bdd3-202900e65ef2,3,Teams,Enterprise,2025-02-18,,
cc005ba9-16f7-4ac5-aae7-174c556e63ac,1,Free,Pro,2024-07-09,,
bd893cdd-e8f4-4ab5-b5df-467c3185c1b6,1,Free,Pro,2025-05-15,,
8a3627d9-41c0-426f-8f0e-fabd4284d0db,1,Free,Pro,2024-08-11,2024-09-05,25.0
8a3627d9-41c0-426f-8f0e-fabd4284d0db,2,Pro,Teams,2024-09-05,2024-09-25,20.0
8a3627d9-41c0-426f-8f0e-fabd4284d0db,3,Teams,Enterprise,2024-09-25,,
bac46701-9657-4c74-aca4-7217c841744d,1,Free,Pro,2025-03-08,,
42d0b559-6e5b-4afb-9652-61ff21f0c3d5,1,Free,Pro,2025-01-10,2025-01-24,14.0
42d0b559-6e5b-4afb-9652-61ff21f0c3d5,2,Pro,Teams,2025-01-24,2025-02-15,22.0
42d0b559-6e5b-4afb-9652-61ff21f0c3d5,3,Teams,Enterprise,2025-02-15,,
927051e4-9c91-492f-911f-99c4e49f3f1f,1,Free,Pro,2025-02-24,2025-03-15,19.0
927051e4-9c91-492f-911f-99c4e49f3f1f,2,Pro,Teams,2025-03-15,,
b1104d26-1bb6-4e65-b263-0a4591d1c662,1,Free,Pro,2025-03-01,,
e0faad69-0970-4d5b-a2c0-5cead0d8b5b4,1,Free,Pro,2024-10-15,2024-11-04,20.0
e0faad69-0970-4d5b-a2c0-5cead0d8b5b4,2,Pro,Teams,2024-11-04,,
66b47023-3466-4996-9165-78401ed5e621,1,Free,Pro,2025-03-07,,
4301ff78-026b-4ee8-bff4-8c10e1ea85de,1,Free,Pro,2024-11-24,2024-12-21,27.0
4301ff78-026b-4ee8-bff4-8c10e1ea85de,2,Pro,Teams,2024-12-21,,
c281d871-e0f1-4139-ab26-00d2ae1cf4e6,1,Free,Pro,2025-02-16,,
26e1c74f-4eec-4066-b90b-aa879ef76e52,1,Free,Pro,2024-07-23,,
ee645237-f198-4b85-9bad-81dd4fe5a001,1,Free,Pro,2025-02-22,2025-03-05,11.0
ee645237-f198-4b85-9bad-81dd4fe5a001,2,Pro,Teams,2025-03-05,,
72923374-3279-4e91-b3ac-79b36062dd5f,1,Free,Pro,2025-06-13,2025-07-06,23.0
72923374-3279-4e91-b3ac-79b36062dd5f,2,Pro,Teams,2025-07-06,,
436c6ccc-b3af-4afa-a02b-b5272958431c,1,Free,Pro,2024-11-14,2024-11-30,16.0
436c6ccc-b3af-4afa-a02b-b5272958431c,2,Pro,Teams,2024-11-30,,
a1df634b-8415-4dba-968e-ec94f57f6411,1,Free,Pro,2025-02-17,,
cbd24547-3a56-4e71-b6c0-4db742efe023,1,Free,Pro,2024-08-25,2024-09-19,25.0
cbd24547-3a56-4e71-b6c0-4db742efe023,2,Pro,Teams,2024-09-19,,
4780bb10-af62-4f43-99a1-69b520b555bf,1,Free,Pro,2024-09-08,2024-09-18,10.0
4780bb10-af62-4f43-99a1-69b520b555bf,2,Pro,Teams,2024-09-18,,
eead948b-d94e-4fdc-8998-68ca358e7966,1,Free,Pro,2024-08-20,,
dcb450c7-3f97-435a-b165-2dccbea659cf,1,Free,Pro,2025-04-30,2025-05-14,14.0
dcb450c7-3f97-435a-b165-2dccbea659cf,2,Pro,Teams,2025-05-14,2025-06-05,22.0
dcb450c7-3f97-435a-b165-2dccbea659cf,3,Teams,Enterprise,2025-06-05,,
44f43ada-2dfd-4c4e-8a64-d00ba928e39c,1,Free,Pro,2025-06-03,2025-06-27,24.0
44f43ada-2dfd-4c4e-8a64-d00ba928e39c,2,Pro,Teams,2025-06-27,,
ff3d4305-2f83-4ba4-a3d3-bfe606a13bfc,1,Free,Pro,2024-08-27,2024-09-19,23.0
ff3d4305-2f83-4ba4-a3d3-bfe606a13bfc,2,Pro,Teams,2024-09-19,,
cb1ef53e-3776-4614-b3b9-1415225ce6b9,1,Free,Pro,2024-07-02,,
a3e9f251-beb4-456b-9348-0001a76e610f,1,Free,Pro,2024-12-25,2025-01-06,12.0
a3e9f251-beb4-456b-9348-0001a76e610f,2,Pro,Teams,2025-01-06,,
c780a9d3-94ef-497b-a531-74b69ca1498b,1,Free,Pro,2024-06-28,2024-07-25,27.0
c780a9d3-94ef-497b-a531-74b69ca1498b,2,Pro,Teams,2024-07-25,,
286f4e35-803e-4e5c-a8d7-f1479d09b309,1,Free,Pro,2025-01-02,,
215dfb32-c608-4961-ae89-b50ee8ec484a,1,Free,Pro,2025-05-02,2025-05-26,24.0
215dfb32-c608-4961-ae89-b50ee8ec484a,2,Pro,Teams,2025-05-26,,
ad9db81d-92fe-4e86-bc06-346ce295774c,1,Free,Pro,2024-11-06,2024-11-30,24.0
ad9db81d-92fe-4e86-bc06-346ce295774c,2,Pro,Teams,2024-11-30,2024-12-17,17.0
ad9db81d-92fe-4e86-bc06-346ce295774c,3,Teams,Enterprise,2024-12-17,,
241b0928-8ee9-43d8-9fd3-ea580d5ae950,1,Free,Pro,2025-04-18,,
9ae9a26e-0da9-49ac-a9fb-0ad3e473b543,1,Free,Pro,2024-07-08,2024-07-19,11.0
9ae9a26e-0da9-49ac-a9fb-0ad3e473b543,2,Pro,Teams,2024-07-19,2024-08-11,23.0
9ae9a26e-0da9-49ac-a9fb-0ad3e473b543,3,Teams,Enterprise,2024-08-11,,
9901b2a0-2e5b-4638-9128-9a915a2b6074,1,Free,Pro,2025-02-02,2025-02-17,15.0
9901b2a0-2e5b-4638-9128-9a915a2b6074,2,Pro,Teams,2025-02-17,2025-03-15,26.0
9901b2a0-2e5b-4638-9128-9a915a2b6074,3,Teams,Enterprise,2025-03-15,,
50dded32-6551-4016-88ec-31879b96a2ca,1,Free,Pro,2025-06-12,2025-06-26,14.0
50dded32-6551-4016-88ec-31879b96a2ca,2,Pro,Teams,2025-06-26,,
6aca1550-d5db-48ce-9f6e-9ef68e82c17e,1,Free,Pro,2024-12-29,,
f253009c-c8a7-4ad2-891f-d8afa32c0742,1,Free,Pro,2025-03-09,2025-03-21,12.0
f253009c-c8a7-4ad2-891f-d8afa32c0742,2,Pro,Teams,2025-03-21,,
ec64925c-67c0-405f-9bce-2a6b89a0ec8f,1,Free,Pro,2024-09-18,,
06a887df-d398-4e3f-9caa-04b78af3aab5,1,Free,Pro,2024-08-26,2024-09-05,10.0
06a887df-d398-4e3f-9caa-04b78af3aab5,2,Pro,Teams,2024-09-05,,
14d8d8c7-a751-4362-9437-cb30488e606b,1,Free,Pro,2024-08-07,,
28eef92a-c335-4d39-b07a-297fe5dc45e5,1,Free,Pro,2025-02-05,,
1dee019e-7bea-49eb-9363-bb993a16f8fa,1,Free,Pro,2025-01-28,2025-02-17,20.0
1dee019e-7bea-49eb-9363-bb993a16f8fa,2,Pro,Teams,2025-02-17,2025-03-19,30.0
1dee019e-7bea-49eb-9363-bb993a16f8fa,3,Teams,Enterprise,2025-03-19,,
4eedc711-1efa-460f-ad41-91327faf9a97,1,Free,Pro,2025-05-25,2025-06-08,14.0
4eedc711-1efa-460f-ad41-91327faf9a97,2,Pro,Teams,2025-06-08,,
d06a8d43-9dd4-45d1-93f7-88ec1e6dbde5,1,Free,Pro,2024-09-09,2024-10-09,30.0
d06a8d43-9dd4-45d1-93f7-88ec1e6dbde5,2,Pro,Teams,2024-10-09,,
63a75b32-c4bd-4215-b99a-b54a122c5983,1,Free,Pro,2025-06-19,2025-07-06,17.0
63a75b32-c4bd-4215-b99a-b54a122c5983,2,Pro,Teams,2025-07-06,,
f3824be1-a5ea-4581-8837-293bc5fa73c6,1,Free,Pro,2024-09-09,,
df14761e-d802-4979-aa6e-0f58dec40471,1,Free,Pro,2024-09-14,2024-10-07,23.0
df14761e-d802-4979-aa6e-0f58dec40471,2,Pro,Teams,2024-10-07,2024-10-30,23.0
df14761e-d802-4979-aa6e-0f58dec40471,3,Teams,Enterprise,2024-10-30,,
27ac097b-fc2f-450c-836a-49a54b403f48,1,Free,Pro,2024-10-09,2024-10-27,18.0
27ac097b-fc2f-450c-836a-49a54b403f48,2,Pro,Teams,2024-10-27,,
9139e716-647e-47d6-b326-8336a77ca417,1,Free,Pro,2025-05-10,2025-06-09,30.0
9139e716-647e-47d6-b326-8336a77ca417,2,Pro,Teams,2025-06-09,,
9a88d21f-0885-47a5-8f4e-e3489eea0053,1,Free,Pro,2024-07-17,2024-07-31,14.0
9a88d21f-0885-47a5-8f4e-e3489eea0053,2,Pro,Teams,2024-07-31,,
8943006f-80af-4d77-a105-30507246e5a0,1,Free,Pro,2024-09-06,,
f4f48ea1-fbcf-4853-bc17-f8e1c4542bbf,1,Free,Pro,2025-03-23,2025-04-07,15.0
f4f48ea1-fbcf-4853-bc17-f8e1c4542bbf,2,Pro,Teams,2025-04-07,,
7f4e64d4-64de-402a-b53f-767dbf3f4c29,1,Free,Pro,2025-04-04,,
f0a8edc1-267a-4ea6-9257-7f4eef926cef,1,Free,Pro,2025-01-12,2025-01-31,19.0
f0a8edc1-267a-4ea6-9257-7f4eef926cef,2,Pro,Teams,2025-01-31,,
ef37f6e2-a337-47f5-a411-ff5eb263ac3b,1,Free,Pro,2024-11-27,2024-12-27,30.0
ef37f6e2-a337-47f5-a411-ff5eb263ac3b,2,Pro,Teams,2024-12-27,,
f6f75cdf-a341-46e3-a5b6-2b02f8321c57,1,Free,Pro,2024-08-05,2024-09-01,27.0
f6f75cdf-a341-46e3-a5b6-2b02f8321c57,2,Pro,Teams,2024-09-01,,
a2817c38-dfc2-4f9b-84d6-3477e964ab69,1,Free,Pro,2024-12-04,,
e9bbe190-a7e5-4f23-91e2-8fb413e58604,1,Free,Pro,2025-04-23,,
d8801e4d-7b48-4e36-97e3-acf070a9a78c,1,Free,Pro,2024-07-22,2024-08-07,16.0
d8801e4d-7b48-4e36-97e3-acf070a9a78c,2,Pro,Teams,2024-08-07,2024-08-29,22.0
d8801e4d-7b48-4e36-97e3-acf070a9a78c,3,Teams,Enterprise,2024-08-29,,
06dcaf78-eab2-4500-ae0a-a7c05f97f7a5,1,Free,Pro,2024-08-01,2024-08-12,11.0
06dcaf78-eab2-4500-ae0a-a7c05f97f7a5,2,Pro,Teams,2024-08-12,,
d8d3a2fd-620e-4901-b39a-1cd0685c29c4,1,Free,Pro,2025-04-23,2025-05-10,17.0
d8d3a2fd-620e-4901-b39a-1cd0685c29c4,2,Pro,Teams,2025-05-10,,
a7d64186-5d07-40f4-ae29-a6b1db54512a,1,Free,Pro,2025-02-20,,
0db26a16-90aa-41aa-bc7a-e9cb0fd5a30b,1,Free,Pro,2024-07-05,2024-07-17,12.0
0db26a16-90aa-41aa-bc7a-e9cb0fd5a30b,2,Pro,Teams,2024-07-17,,
1e011bc0-b65e-4cb8-96cb-7baecbf82654,1,Free,Pro,2025-03-10,,
feefc324-cbbd-45d4-b621-08d8a07f7b25,1,Free,Pro,2024-11-01,2024-11-11,10.0
feefc324-cbbd-45d4-b621-08d8a07f7b25,2,Pro,Teams,2024-11-11,2024-11-27,16.0
feefc324-cbbd-45d4-b621-08d8a07f7b25,3,Teams,Enterprise,2024-11-27,,
8c6e2adf-4121-4002-a09d-3a0065c68051,1,Free,Pro,2025-01-07,,
1dfa8523-299d-4ddb-a671-92bf10be3edb,1,Free,Pro,2025-04-08,2025-04-26,18.0
1dfa8523-299d-4ddb-a671-92bf10be3edb,2,Pro,Teams,2025-04-26,2025-05-09,13.0
1dfa8523-299d-4ddb-a671-92bf10be3edb,3,Teams,Enterprise,2025-05-09,,
c10daad6-3501-46a8-b79e-355887095181,1,Free,Pro,2025-05-25,,
46979fbd-2be3-42c3-b2c4-e7a1c8e7ff03,1,Free,Pro,2024-08-21,,
b6aee677-9024-42c6-a9a6-73951a470bf2,1,Free,Pro,2025-04-12,,
255fc4e5-d468-4ec1-90b3-0869cfa7e666,1,Free,Pro,2025-05-06,2025-05-25,19.0
255fc4e5-d468-4ec1-90b3-0869cfa7e666,2,Pro,Teams,2025-05-25,,
8a8d9136-de0a-49be-a5d2-537ba5268ca5,1,Free,Pro,2024-10-24,2024-11-14,21.0
8a8d9136-de0a-49be-a5d2-537ba5268ca5,2,Pro,Teams,2024-11-14,,
2e511318-a6b1-4be9-ae8a-32001503aa14,1,Free,Pro,2024-11-21,2024-12-11,20.0
2e511318-a6b1-4be9-ae8a-32001503aa14,2,Pro,Teams,2024-12-11,,
1d72dc02-a919-4fd8-8afd-b6fcb65ac916,1,Free,Pro,2024-11-21,,
684c9acc-59c0-4cb7-ba90-dcc82b546c9b,1,Free,Pro,2025-03-04,,
8d3a5356-e58e-44fe-953d-f55562de6b80,1,Free,Pro,2024-12-24,2025-01-17,24.0
8d3a5356-e58e-44fe-953d-f55562de6b80,2,Pro,Teams,2025-01-17,,
6a9200cc-460d-4c46-a951-94e6b9840a67,1,Free,Pro,2024-11-16,2024-12-03,17.0
6a9200cc-460d-4c46-a951-94e6b9840a67,2,Pro,Teams,2024-12-03,,
2fbae11a-19ee-4581-ae0b-81bd6789cafe,1,Free,Pro,2025-01-14,2025-02-03,20.0
2fbae11a-19ee-4581-ae0b-81bd6789cafe,2,Pro,Teams,2025-02-03,2025-02-19,16.0
2fbae11a-19ee-4581-ae0b-81bd6789cafe,3,Teams,Enterprise,2025-02-19,,
559bab4b-35e5-4f97-8e19-11bbb2797fa8,1,Free,Pro,2025-02-23,,
905a4a1a-6fde-453f-ba1a-9aac53584278,1,Free,Pro,2024-08-01,,
367e9a97-f789-4db9-a095-6c07efc108db,1,Free,Pro,2024-10-12,2024-11-06,25.0
367e9a97-f789-4db9-a095-6c07efc108db,2,Pro,Teams,2024-11-06,2024-11-30,24.0
367e9a97-f789-4db9-a095-6c07efc108db,3,Teams,Enterprise,2024-11-30,,
12bb1ec5-f273-4d0a-bd6b-dd52600a7782,1,Free,Pro,2024-11-04,2024-11-16,12.0
12bb1ec5-f273-4d0a-bd6b-dd52600a7782,2,Pro,Teams,2024-11-16,,
6c5a4444-56c1-43c9-8056-a5873d1f6c49,1,Free,Pro,2025-03-13,2025-03-25,12.0
6c5a4444-56c1-43c9-8056-a5873d1f6c49,2,Pro,Teams,2025-03-25,2025-04-23,29.0
6c5a4444-56c1-43c9-8056-a5873d1f6c49,3,Teams,Enterprise,2025-04-23,,
cfe97994-f2ff-4e01-baea-db1167116a76,1,Free,Pro,2025-04-25,2025-05-19,24.0
cfe97994-f2ff-4e01-baea-db1167116a76,2,Pro,Teams,2025-05-19,2025-06-04,16.0
cfe97994-f2ff-4e01-baea-db1167116a76,3,Teams,Enterprise,2025-06-04,,
fa57706e-db9f-4de7-95f2-5cde3c1eccbd,1,Free,Pro,2024-12-23,,
eb45b9ea-75f6-4dbd-b002-09ef19d44eea,1,Free,Pro,2024-08-22,,
7adabd11-471f-4f50-bc8d-ffc7b3ed2c0f,1,Free,Pro,2025-06-11,,
8424612c-ad18-4d97-94d8-ee0d43beb927,1,Free,Pro,2024-10-23,,
3bd40a39-2a8f-4e99-9142-98a1e11e94c1,1,Free,Pro,2025-03-31,2025-04-10,10.0
3bd40a39-2a8f-4e99-9142-98a1e11e94c1,2,Pro,Teams,2025-04-10,2025-05-03,23.0
3bd40a39-2a8f-4e99-9142-98a1e11e94c1,3,Teams,Enterprise,2025-05-03,,
120e50e5-34f1-4943-bc30-e8f2567e06e1,1,Free,Pro,2025-03-12,2025-03-27,15.0
120e50e5-34f1-4943-bc30-e8f2567e06e1,2,Pro,Teams,2025-03-27,,
36130d4d-d6c2-45af-8ce2-2dbed3a86601,1,Free,Pro,2024-11-22,,
c69ea0c1-41b0-46c5-98d6-8ff6a70f2835,1,Free,Pro,2024-09-07,2024-09-27,20.0
c69ea0c1-41b0-46c5-98d6-8ff6a70f2835,2,Pro,Teams,2024-09-27,,
62790516-b9d2-4b19-8961-a1a4674ea31b,1,Free,Pro,2024-08-12,2024-09-10,29.0
62790516-b9d2-4b19-8961-a1a4674ea31b,2,Pro,Teams,2024-09-10,2024-10-03,23.0
62790516-b9d2-4b19-8961-a1a4674ea31b,3,Teams,Enterprise,2024-10-03,,
140b3fa8-a791-44e5-bcec-4397468002fe,1,Free,Pro,2025-03-21,2025-04-16,26.0
140b3fa8-a791-44e5-bcec-4397468002fe,2,Pro,Teams,2025-04-16,,
b5906284-cb5b-4647-8af7-f8e7712a9057,1,Free,Pro,2024-09-16,,
8c1dda04-977a-43ed-9643-028f7d0855bb,1,Free,Pro,2024-12-05,2024-12-15,10.0
8c1dda04-977a-43ed-9643-028f7d0855bb,2,Pro,Teams,2024-12-15,2025-01-07,23.0
8c1dda04-977a-43ed-9643-028f7d0855bb,3,Teams,Enterprise,2025-01-07,,
4d7b2ef7-06ec-4d22-b41d-66c23714d543,1,Free,Pro,2024-06-30,,
3ac8f21a-1fe7-465a-9835-407063497bdd,1,Free,Pro,2024-12-04,2024-12-22,18.0
3ac8f21a-1fe7-465a-9835-407063497bdd,2,Pro,Teams,2024-12-22,2025-01-03,12.0
3ac8f21a-1fe7-465a-9835-407063497bdd,3,Teams,Enterprise,2025-01-03,,
c5bedc9f-6c86-4960-ad3d-c0a986921ccb,1,Free,Pro,2024-07-17,2024-08-07,21.0
c5bedc9f-6c86-4960-ad3d-c0a986921ccb,2,Pro,Teams,2024-08-07,,
cd49d108-89aa-4b1d-9fba-0da1e43a6b99,1,Free,Pro,2025-02-02,2025-02-18,16.0
cd49d108-89aa-4b1d-9fba-0da1e43a6b99,2,Pro,Teams,2025-02-18,2025-03-19,29.0
cd49d108-89aa-4b1d-9fba-0da1e43a6b99,3,Teams,Enterprise,2025-03-19,,
42c32156-b01d-4e7d-9991-be90777a9003,1,Free,Pro,2025-01-25,2025-02-11,17.0
42c32156-b01d-4e7d-9991-be90777a9003,2,Pro,Teams,2025-02-11,,
06ecbc9d-13d4-49c9-971f-305e76553ef8,1,Free,Pro,2024-07-20,2024-08-17,28.0
06ecbc9d-13d4-49c9-971f-305e76553ef8,2,Pro,Teams,2024-08-17,2024-08-28,11.0
06ecbc9d-13d4-49c9-971f-305e76553ef8,3,Teams,Enterprise,2024-08-28,,
e91cd1c1-68f2-42b8-bf40-4823e5df6c94,1,Free,Pro,2025-02-22,,
0ac11b8e-a293-400e-b977-7b523e74ec2d,1,Free,Pro,2024-11-26,2024-12-23,27.0
0ac11b8e-a293-400e-b977-7b523e74ec2d,2,Pro,Teams,2024-12-23,,
a08d1701-93ba-44df-907a-953645c8aacd,1,Free,Pro,2025-03-18,,
8bc5295e-0606-4735-8cf0-126cc9d9e827,1,Free,Pro,2025-05-07,2025-05-23,16.0
8bc5295e-0606-4735-8cf0-126cc9d9e827,2,Pro,Teams,2025-05-23,,
9e6eac34-6c80-4b77-bead-7d742f60d4dc,1,Free,Pro,2024-12-23,2025-01-13,21.0
9e6eac34-6c80-4b77-bead-7d742f60d4dc,2,Pro,Teams,2025-01-13,,
3689d72e-4e08-4ac9-b4a1-f7137050a909,1,Free,Pro,2024-12-20,2025-01-07,18.0
3689d72e-4e08-4ac9-b4a1-f7137050a909,2,Pro,Teams,2025-01-07,2025-01-30,23.0
3689d72e-4e08-4ac9-b4a1-f7137050a909,3,Teams,Enterprise,2025-01-30,,
486ded1a-dfc0-4f38-b822-69cc33c2fe12,1,Free,Pro,2025-05-09,2025-05-21,12.0
486ded1a-dfc0-4f38-b822-69cc33c2fe12,2,Pro,Teams,2025-05-21,,
7468fc36-104c-476e-b0c4-838ab6f7795e,1,Free,Pro,2024-09-26,2024-10-10,14.0
7468fc36-104c-476e-b0c4-838ab6f7795e,2,Pro,Teams,2024-10-10,2024-10-31,21.0
7468fc36-104c-476e-b0c4-838ab6f7795e,3,Teams,Enterprise,2024-10-31,,
a82faf2d-fae2-465c-bb21-cf6c02975ff9,1,Free,Pro,2025-05-18,2025-06-04,17.0
a82faf2d-fae2-465c-bb21-cf6c02975ff9,2,Pro,Teams,2025-06-04,,
ab1d8b92-7b88-492c-afd9-a22a77017af5,1,Free,Pro,2024-12-12,2024-12-28,16.0
ab1d8b92-7b88-492c-afd9-a22a77017af5,2,Pro,Teams,2024-12-28,,
d7e87a01-3d15-466c-bed0-2da6de2f73cd,1,Free,Pro,2025-03-20,,
0e31328f-528e-4f25-8011-795ecb936ee6,1,Free,Pro,2024-11-27,2024-12-09,12.0
0e31328f-528e-4f25-8011-795ecb936ee6,2,Pro,Teams,2024-12-09,2025-01-04,26.0
0e31328f-528e-4f25-8011-795ecb936ee6,3,Teams,Enterprise,2025-01-04,,
f71cd2d5-117a-4685-b25d-8aa64ab76609,1,Free,Pro,2024-09-16,2024-10-01,15.0
f71cd2d5-117a-4685-b25d-8aa64ab76609,2,Pro,Teams,2024-10-01,,
b4794afd-40c0-4fbf-8eee-c5470dad21c3,1,Free,Pro,2025-04-05,2025-05-02,27.0
b4794afd-40c0-4fbf-8eee-c5470dad21c3,2,Pro,Teams,2025-05-02,,
013c6868-81dd-4d04-82f9-9234c0918c6a,1,Free,Pro,2024-11-24,2024-12-21,27.0
013c6868-81dd-4d04-82f9-9234c0918c6a,2,Pro,Teams,2024-12-21,2025-01-20,30.0
013c6868-81dd-4d04-82f9-9234c0918c6a,3,Teams,Enterprise,2025-01-20,,
9b2a2ff3-c215-4b41-989c-4f189ba08859,1,Free,Pro,2025-03-12,2025-04-02,21.0
9b2a2ff3-c215-4b41-989c-4f189ba08859,2,Pro,Teams,2025-04-02,,
1231f243-2f8a-4a3a-b240-2c597b02acbb,1,Free,Pro,2024-07-16,2024-07-26,10.0
1231f243-2f8a-4a3a-b240-2c597b02acbb,2,Pro,Teams,2024-07-26,,
546e2865-bb75-4a0c-bfe6-86d180e87541,1,Free,Pro,2025-01-31,,
415dddc3-930e-4e28-8ae0-1988faf2380e,1,Free,Pro,2024-07-02,2024-07-20,18.0
415dddc3-930e-4e28-8ae0-1988faf2380e,2,Pro,Teams,2024-07-20,,
9b2d0567-ced8-4876-b193-d386b3001a01,1,Free,Pro,2024-08-02,2024-08-27,25.0
9b2d0567-ced8-4876-b193-d386b3001a01,2,Pro,Teams,2024-08-27,,
91ce16dd-5aee-4d76-819b-c20653a0ac8e,1,Free,Pro,2024-12-23,,
bbe7430a-8fe1-4054-b57e-179fca841690,1,Free,Pro,2024-11-01,,
c97e4030-a72c-4fac-b9f6-b78514b59167,1,Free,Pro,2024-08-08,,
6c13bb8d-9c90-4cfb-9a8b-20e7b498e137,1,Free,Pro,2024-11-15,2024-12-07,22.0
6c13bb8d-9c90-4cfb-9a8b-20e7b498e137,2,Pro,Teams,2024-12-07,,
6d3353ab-8ce9-465a-95e3-9eec07a6114d,1,Free,Pro,2024-11-23,2024-12-13,20.0
6d3353ab-8ce9-465a-95e3-9eec07a6114d,2,Pro,Teams,2024-12-13,2025-01-12,30.0
6d3353ab-8ce9-465a-95e3-9eec07a6114d,3,Teams,Enterprise,2025-01-12,,
2a2579d5-9068-47a7-a678-b73566e5eb79,1,Free,Pro,2024-11-28,2024-12-24,26.0
2a2579d5-9068-47a7-a678-b73566e5eb79,2,Pro,Teams,2024-12-24,2025-01-08,15.0
2a2579d5-9068-47a7-a678-b73566e5eb79,3,Teams,Enterprise,2025-01-08,,
ebcfc1df-f6f4-4ff8-a0f3-8bf1862f37c8,1,Free,Pro,2025-03-23,2025-04-22,30.0
ebcfc1df-f6f4-4ff8-a0f3-8bf1862f37c8,2,Pro,Teams,2025-04-22,2025-05-09,17.0
ebcfc1df-f6f4-4ff8-a0f3-8bf1862f37c8,3,Teams,Enterprise,2025-05-09,,
ad75f847-aab3-4f27-a407-7b778a1783a1,1,Free,Pro,2024-12-11,2024-12-28,17.0
ad75f847-aab3-4f27-a407-7b778a1783a1,2,Pro,Teams,2024-12-28,,
37a943cc-1999-4aa3-a9c6-a34f39241734,1,Free,Pro,2024-07-16,2024-07-28,12.0
37a943cc-1999-4aa3-a9c6-a34f39241734,2,Pro,Teams,2024-07-28,2024-08-21,24.0
37a943cc-1999-4aa3-a9c6-a34f39241734,3,Teams,Enterprise,2024-08-21,,
d54ed44d-0390-44ee-85bf-621620001a24,1,Free,Pro,2024-07-27,2024-08-18,22.0
d54ed44d-0390-44ee-85bf-621620001a24,2,Pro,Teams,2024-08-18,2024-09-07,20.0
d54ed44d-0390-44ee-85bf-621620001a24,3,Teams,Enterprise,2024-09-07,,
ccb290bd-efff-4132-9fab-5d19804844c8,1,Free,Pro,2025-05-09,,
ebb57add-62d8-420e-bfa0-e3b8c27296ef,1,Free,Pro,2025-06-04,2025-06-29,25.0
ebb57add-62d8-420e-bfa0-e3b8c27296ef,2,Pro,Teams,2025-06-29,,
f072cf0e-6b6e-483a-a165-7376c489c06a,1,Free,Pro,2024-11-09,,
f9c372f2-d612-43e3-b796-024723ca67c5,1,Free,Pro,2024-12-16,2025-01-02,17.0
f9c372f2-d612-43e3-b796-024723ca67c5,2,Pro,Teams,2025-01-02,,
608f0aa2-dad7-4130-a4cf-61344be29466,1,Free,Pro,2024-12-05,2024-12-25,20.0
608f0aa2-dad7-4130-a4cf-61344be29466,2,Pro,Teams,2024-12-25,,
1fa685cd-cc06-4b78-b5e4-00f156d68783,1,Free,Pro,2024-12-14,2024-12-26,12.0
1fa685cd-cc06-4b78-b5e4-00f156d68783,2,Pro,Teams,2024-12-26,2025-01-07,12.0
1fa685cd-cc06-4b78-b5e4-00f156d68783,3,Teams,Enterprise,2025-01-07,,
866d4b6d-e698-4120-bea1-8eb352dc1e4e,1,Free,Pro,2025-05-26,2025-06-10,15.0
866d4b6d-e698-4120-bea1-8eb352dc1e4e,2,Pro,Teams,2025-06-10,,
2a05c6cc-e75d-471a-a330-3af99d63e905,1,Free,Pro,2025-04-10,2025-05-01,21.0
2a05c6cc-e75d-471a-a330-3af99d63e905,2,Pro,Teams,2025-05-01,,
adcf6694-0e0d-4a34-90fd-596673c11245,1,Free,Pro,2024-09-06,,
7adf5640-c398-4418-9d82-21f41e69c201,1,Free,Pro,2025-05-04,,
add5cddf-f99c-4368-890a-0e6ec3eee815,1,Free,Pro,2025-01-02,,
e117cda5-a9a9-4e6c-9023-d131514d2170,1,Free,Pro,2024-12-23,2025-01-06,14.0
e117cda5-a9a9-4e6c-9023-d131514d2170,2,Pro,Teams,2025-01-06,2025-01-24,18.0
e117cda5-a9a9-4e6c-9023-d131514d2170,3,Teams,Enterprise,2025-01-24,,
d5dc5b17-19be-4ccc-9e43-a6c174950220,1,Free,Pro,2025-02-18,2025-03-08,18.0
d5dc5b17-19be-4ccc-9e43-a6c174950220,2,Pro,Teams,2025-03-08,,
60a4f493-918a-4b43-8983-8ba24281376c,1,Free,Pro,2025-03-20,2025-04-15,26.0
60a4f493-918a-4b43-8983-8ba24281376c,2,Pro,Teams,2025-04-15,,
a40e260c-43e8-4472-85af-c6d09d205705,1,Free,Pro,2025-06-19,,
28b2251e-dbf0-4f3f-8f13-df0ef74fd059,1,Free,Pro,2024-10-24,,
6b363c25-6ea8-47f6-924f-c60c7a7d71a4,1,Free,Pro,2024-08-17,2024-09-16,30.0
6b363c25-6ea8-47f6-924f-c60c7a7d71a4,2,Pro,Teams,2024-09-16,2024-10-09,23.0
6b363c25-6ea8-47f6-924f-c60c7a7d71a4,3,Teams,Enterprise,2024-10-09,,
59d0ec94-f0cd-4db3-ba2e-2254f6917fdb,1,Free,Pro,2025-05-27,2025-06-06,10.0
59d0ec94-f0cd-4db3-ba2e-2254f6917fdb,2,Pro,Teams,2025-06-06,,
ee215378-7151-4c17-95af-d300c4084f5b,1,Free,Pro,2024-11-13,,
e9e632d0-bd7a-4d78-86f9-5277f8f11d16,1,Free,Pro,2024-07-18,2024-08-08,21.0
e9e632d0-bd7a-4d78-86f9-5277f8f11d16,2,Pro,Teams,2024-08-08,2024-08-21,13.0
e9e632d0-bd7a-4d78-86f9-5277f8f11d16,3,Teams,Enterprise,2024-08-21,,
b9ac5e42-3aa1-4c6d-ba75-0718bd3a7b0a,1,Free,Pro,2025-01-02,2025-01-15,13.0
b9ac5e42-3aa1-4c6d-ba75-0718bd3a7b0a,2,Pro,Teams,2025-01-15,2025-02-06,22.0
b9ac5e42-3aa1-4c6d-ba75-0718bd3a7b0a,3,Teams,Enterprise,2025-02-06,,
e852ed1f-9548-4720-8e63-7cf7f829f81f,1,Free,Pro,2025-06-23,2025-07-08,15.0
e852ed1f-9548-4720-8e63-7cf7f829f81f,2,Pro,Teams,2025-07-08,,
ce9b804b-7a7e-474c-a40b-28af10e21263,1,Free,Pro,2024-12-17,2025-01-04,18.0
ce9b804b-7a7e-474c-a40b-28af10e21263,2,Pro,Teams,2025-01-04,,
199f4113-e7a5-4ba7-872e-305efc07cc46,1,Free,Pro,2025-01-01,2025-01-11,10.0
199f4113-e7a5-4ba7-872e-305efc07cc46,2,Pro,Teams,2025-01-11,2025-01-25,14.0
199f4113-e7a5-4ba7-872e-305efc07cc46,3,Teams,Enterprise,2025-01-25,,
e1341d55-a285-4ad5-859e-b3d4a5107a42,1,Free,Pro,2025-03-29,,
adbd50b0-b81d-43de-908a-3c39a618f977,1,Free,Pro,2024-12-21,,
51f70a21-816d-4c41-9dca-bc45722b6623,1,Free,Pro,2024-10-16,2024-11-10,25.0
51f70a21-816d-4c41-9dca-bc45722b6623,2,Pro,Teams,2024-11-10,,
0a886bbf-15fb-4809-9b66-f22708f59831,1,Free,Pro,2025-05-20,2025-06-08,19.0
0a886bbf-15fb-4809-9b66-f22708f59831,2,Pro,Teams,2025-06-08,,
032d88d8-11c1-4f6b-b737-c23b38d6e25c,1,Free,Pro,2024-08-22,2024-09-14,23.0
032d88d8-11c1-4f6b-b737-c23b38d6e25c,2,Pro,Teams,2024-09-14,2024-10-09,25.0
032d88d8-11c1-4f6b-b737-c23b38d6e25c,3,Teams,Enterprise,2024-10-09,,
be52855e-a052-4b65-b9b6-25d1bfdeb283,1,Free,Pro,2024-12-05,2024-12-20,15.0
be52855e-a052-4b65-b9b6-25d1bfdeb283,2,Pro,Teams,2024-12-20,2025-01-13,24.0
be52855e-a052-4b65-b9b6-25d1bfdeb283,3,Teams,Enterprise,2025-01-13,,
5fb8742f-b670-41fc-8de0-6d181547497e,1,Free,Pro,2024-12-14,,
962b941f-1be2-4cb2-b668-da6cfb719658,1,Free,Pro,2025-02-05,,
a54e1b51-438d-4902-838b-7ec98eedf171,1,Free,Pro,2024-11-26,2024-12-25,29.0
a54e1b51-438d-4902-838b-7ec98eedf171,2,Pro,Teams,2024-12-25,,
3b1b3a09-45c3-44e6-b90b-55988fa73248,1,Free,Pro,2025-02-12,,
c2cea476-f26b-4fcf-bea0-9b49541992cf,1,Free,Pro,2024-06-26,2024-07-17,21.0
c2cea476-f26b-4fcf-bea0-9b49541992cf,2,Pro,Teams,2024-07-17,,
db90a5cf-0d5c-4aea-8e60-cbdd00a5c374,1,Free,Pro,2025-06-11,2025-06-30,19.0
db90a5cf-0d5c-4aea-8e60-cbdd00a5c374,2,Pro,Teams,2025-06-30,2025-07-16,16.0
db90a5cf-0d5c-4aea-8e60-cbdd00a5c374,3,Teams,Enterprise,2025-07-16,,
fadd401c-8f83-4a3c-aa78-a763195c2fed,1,Free,Pro,2024-09-05,2024-09-19,14.0
fadd401c-8f83-4a3c-aa78-a763195c2fed,2,Pro,Teams,2024-09-19,,
e1fd6361-a720-4f8e-b332-7b41ba8d3ea0,1,Free,Pro,2025-05-12,2025-06-01,20.0
e1fd6361-a720-4f8e-b332-7b41ba8d3ea0,2,Pro,Teams,2025-06-01,2025-06-17,16.0
e1fd6361-a720-4f8e-b332-7b41ba8d3ea0,3,Teams,Enterprise,2025-06-17,,
ebfabda7-07da-497d-b28c-7035f81e211f,1,Free,Pro,2024-12-09,2024-12-31,22.0
ebfabda7-07da-497d-b28c-7035f81e211f,2,Pro,Teams,2024-12-31,,
b6ff355b-a7b3-4362-a2ce-384bfbc193e7,1,Free,Pro,2025-01-17,,
0cc232d8-500e-484c-b1e7-45cc7061ba9f,1,Free,Pro,2025-06-25,2025-07-08,13.0
0cc232d8-500e-484c-b1e7-45cc7061ba9f,2,Pro,Teams,2025-07-08,2025-07-23,15.0
0cc232d8-500e-484c-b1e7-45cc7061ba9f,3,Teams,Enterprise,2025-07-23,,
8ff753cc-951b-4714-b6cd-d3fc53df20f7,1,Free,Pro,2025-02-15,2025-03-08,21.0
8ff753cc-951b-4714-b6cd-d3fc53df20f7,2,Pro,Teams,2025-03-08,2025-03-18,10.0
8ff753cc-951b-4714-b6cd-d3fc53df20f7,3,Teams,Enterprise,2025-03-18,,
255628ea-54e9-4a65-83f8-e6ac44ad19e2,1,Free,Pro,2024-08-04,2024-09-02,29.0
255628ea-54e9-4a65-83f8-e6ac44ad19e2,2,Pro,Teams,2024-09-02,2024-09-29,27.0
255628ea-54e9-4a65-83f8-e6ac44ad19e2,3,Teams,Enterprise,2024-09-29,,
5b75093f-c794-4dec-a65a-118cf5aef9ef,1,Free,Pro,2025-01-17,2025-01-28,11.0
5b75093f-c794-4dec-a65a-118cf5aef9ef,2,Pro,Teams,2025-01-28,,
4bfa5d2f-6cc9-4452-93d3-80b3712ae1ef,1,Free,Pro,2025-04-18,2025-04-30,12.0
4bfa5d2f-6cc9-4452-93d3-80b3712ae1ef,2,Pro,Teams,2025-04-30,,
80da0404-edd4-45ca-b61e-bd04535d8faa,1,Free,Pro,2024-11-21,2024-12-16,25.0
80da0404-edd4-45ca-b61e-bd04535d8faa,2,Pro,Teams,2024-12-16,,
9a7b2278-6938-4208-a45d-e788449819f1,1,Free,Pro,2025-03-25,2025-04-07,13.0
9a7b2278-6938-4208-a45d-e788449819f1,2,Pro,Teams,2025-04-07,2025-04-17,10.0
9a7b2278-6938-4208-a45d-e788449819f1,3,Teams,Enterprise,2025-04-17,,
4db2e5a4-dd85-483b-b243-c044ab4c1069,1,Free,Pro,2025-06-20,2025-07-03,13.0
4db2e5a4-dd85-483b-b243-c044ab4c1069,2,Pro,Teams,2025-07-03,2025-07-14,11.0
4db2e5a4-dd85-483b-b243-c044ab4c1069,3,Teams,Enterprise,2025-07-14,,
dab7e7f2-9603-4bc3-a221-6fb3a054f70d,1,Free,Pro,2024-12-14,,
73749b3d-01f7-4c86-a81f-f54222e16e68,1,Free,Pro,2024-10-11,2024-10-22,11.0
73749b3d-01f7-4c86-a81f-f54222e16e68,2,Pro,Teams,2024-10-22,,
e17eee96-bda3-4a29-ae98-f099665d958a,1,Free,Pro,2024-12-06,,
14e9fe68-1699-45d1-b8e5-8af42270c0c9,1,Free,Pro,2025-06-27,,
fd8aa4a7-38d3-46b4-a52b-8b385715a796,1,Free,Pro,2024-09-20,2024-10-05,15.0
fd8aa4a7-38d3-46b4-a52b-8b385715a796,2,Pro,Teams,2024-10-05,2024-10-28,23.0
fd8aa4a7-38d3-46b4-a52b-8b385715a796,3,Teams,Enterprise,2024-10-28,,
5e692ed2-f246-47d2-84a8-8695d4669e95,1,Free,Pro,2024-11-05,2024-12-03,28.0
5e692ed2-f246-47d2-84a8-8695d4669e95,2,Pro,Teams,2024-12-03,2024-12-21,18.0
5e692ed2-f246-47d2-84a8-8695d4669e95,3,Teams,Enterprise,2024-12-21,,
61d6d957-e89a-4ef8-92f7-6bd98fd6aec0,1,Free,Pro,2024-08-13,2024-09-11,29.0
61d6d957-e89a-4ef8-92f7-6bd98fd6aec0,2,Pro,Teams,2024-09-11,2024-09-25,14.0
61d6d957-e89a-4ef8-92f7-6bd98fd6aec0,3,Teams,Enterprise,2024-09-25,,
7d2e0c69-3f87-42da-8653-3848a489ea57,1,Free,Pro,2025-03-24,,
78703cfa-f35c-4555-a240-a155869795dd,1,Free,Pro,2025-05-16,2025-05-30,14.0
78703cfa-f35c-4555-a240-a155869795dd,2,Pro,Teams,2025-05-30,2025-06-09,10.0
78703cfa-f35c-4555-a240-a155869795dd,3,Teams,Enterprise,2025-06-09,,
35c67e66-bf01-46f1-b491-006c9f8daf35,1,Free,Pro,2025-06-07,,
0684714a-92b8-4ab3-afd4-ca4d5c1aa1aa,1,Free,Pro,2024-07-11,2024-08-05,25.0
0684714a-92b8-4ab3-afd4-ca4d5c1aa1aa,2,Pro,Teams,2024-08-05,2024-08-27,22.0
0684714a-92b8-4ab3-afd4-ca4d5c1aa1aa,3,Teams,Enterprise,2024-08-27,,
4a6bd816-40c0-46d4-93b7-20270fa13c2d,1,Free,Pro,2025-04-14,2025-04-28,14.0
4a6bd816-40c0-46d4-93b7-20270fa13c2d,2,Pro,Teams,2025-04-28,2025-05-20,22.0
4a6bd816-40c0-46d4-93b7-20270fa13c2d,3,Teams,Enterprise,2025-05-20,,
968b5798-cedb-485d-9c67-258b46460da3,1,Free,Pro,2024-12-23,,
d96efb2c-668a-43ae-a65b-7dcc7ddf8356,1,Free,Pro,2025-01-28,2025-02-24,27.0
d96efb2c-668a-43ae-a65b-7dcc7ddf8356,2,Pro,Teams,2025-02-24,2025-03-10,14.0
d96efb2c-668a-43ae-a65b-7dcc7ddf8356,3,Teams,Enterprise,2025-03-10,,
5c887a5a-a50b-4d1f-be05-75181de54e6f,1,Free,Pro,2025-03-15,,
da01c0be-1dd7-4a44-9899-e2f027e19dd1,1,Free,Pro,2024-07-22,,
157ba69d-a866-4797-9de4-4cd29b28a374,1,Free,Pro,2025-05-14,,
a9e887d3-3426-4b7f-9318-34a5fbd72137,1,Free,Pro,2024-11-22,2024-12-14,22.0
a9e887d3-3426-4b7f-9318-34a5fbd72137,2,Pro,Teams,2024-12-14,2024-12-28,14.0
a9e887d3-3426-4b7f-9318-34a5fbd72137,3,Teams,Enterprise,2024-12-28,,
4dcd2b44-520a-46ef-b0f0-efc19a1cd748,1,Free,Pro,2025-02-20,2025-03-16,24.0
4dcd2b44-520a-46ef-b0f0-efc19a1cd748,2,Pro,Teams,2025-03-16,2025-04-03,18.0
4dcd2b44-520a-46ef-b0f0-efc19a1cd748,3,Teams,Enterprise,2025-04-03,,
6d2a0576-79d4-433f-94cc-946ecd988b89,1,Free,Pro,2025-03-01,2025-03-14,13.0
6d2a0576-79d4-433f-94cc-946ecd988b89,2,Pro,Teams,2025-03-14,2025-03-27,13.0
6d2a0576-79d4-433f-94cc-946ecd988b89,3,Teams,Enterprise,2025-03-27,,
4c1c1f86-c32b-4627-aa41-d5934fbba123,1,Free,Pro,2024-08-22,2024-09-07,16.0
4c1c1f86-c32b-4627-aa41-d5934fbba123,2,Pro,Teams,2024-09-07,2024-09-26,19.0
4c1c1f86-c32b-4627-aa41-d5934fbba123,3,Teams,Enterprise,2024-09-26,,
cebf036d-06e6-44b2-b8a7-a0aa105af759,1,Free,Pro,2024-09-24,2024-10-07,13.0
cebf036d-06e6-44b2-b8a7-a0aa105af759,2,Pro,Teams,2024-10-07,,
4bc79ea5-fa34-4db0-8b50-85354e6d97ad,1,Free,Pro,2025-06-16,2025-06-28,12.0
4bc79ea5-fa34-4db0-8b50-85354e6d97ad,2,Pro,Teams,2025-06-28,,
b50fe2a4-406e-4d54-b6a4-e5a74da24577,1,Free,Pro,2024-11-07,2024-11-22,15.0
b50fe2a4-406e-4d54-b6a4-e5a74da24577,2,Pro,Teams,2024-11-22,2024-12-11,19.0
b50fe2a4-406e-4d54-b6a4-e5a74da24577,3,Teams,Enterprise,2024-12-11,,
29714d4e-2f5a-4d43-a641-7a17d52c37f4,1,Free,Pro,2024-08-24,2024-09-18,25.0
29714d4e-2f5a-4d43-a641-7a17d52c37f4,2,Pro,Teams,2024-09-18,2024-10-10,22.0
29714d4e-2f5a-4d43-a641-7a17d52c37f4,3,Teams,Enterprise,2024-10-10,,
bdaaafc9-38ed-4768-bb35-e8c330dec7cf,1,Free,Pro,2025-04-01,2025-04-24,23.0
bdaaafc9-38ed-4768-bb35-e8c330dec7cf,2,Pro,Teams,2025-04-24,2025-05-14,20.0
bdaaafc9-38ed-4768-bb35-e8c330dec7cf,3,Teams,Enterprise,2025-05-14,,
9fd45f35-1050-4c07-b5c4-2c2d7ede7c54,1,Free,Pro,2024-07-05,2024-07-19,14.0
9fd45f35-1050-4c07-b5c4-2c2d7ede7c54,2,Pro,Teams,2024-07-19,,
7dbe01c1-0f15-49d2-90e9-459c916031a3,1,Free,Pro,2024-10-05,2024-10-24,19.0
7dbe01c1-0f15-49d2-90e9-459c916031a3,2,Pro,Teams,2024-10-24,2024-11-04,11.0
7dbe01c1-0f15-49d2-90e9-459c916031a3,3,Teams,Enterprise,2024-11-04,,
45b75365-5c1c-4cbf-a76d-d0f38d1df681,1,Free,Pro,2024-12-05,2025-01-03,29.0
45b75365-5c1c-4cbf-a76d-d0f38d1df681,2,Pro,Teams,2025-01-03,,
ce936de2-2fbf-469f-9630-ebe151a9f169,1,Free,Pro,2025-05-14,2025-06-04,21.0
ce936de2-2fbf-469f-9630-ebe151a9f169,2,Pro,Teams,2025-06-04,2025-06-19,15.0
ce936de2-2fbf-469f-9630-ebe151a9f169,3,Teams,Enterprise,2025-06-19,,
b462960d-8106-42bb-80ee-81c2c655136f,1,Free,Pro,2024-12-08,,
fd508841-eae2-46a5-ad34-ddc0bfa0c74f,1,Free,Pro,2024-12-09,2024-12-31,22.0
fd508841-eae2-46a5-ad34-ddc0bfa0c74f,2,Pro,Teams,2024-12-31,2025-01-30,30.0
fd508841-eae2-46a5-ad34-ddc0bfa0c74f,3,Teams,Enterprise,2025-01-30,,
ff8c8959-875e-451b-bd53-936a57473368,1,Free,Pro,2025-03-03,,
468c97c7-2efa-49f2-8d2c-865b3d22760f,1,Free,Pro,2024-07-14,,
a16a6692-4394-47c1-a262-e794092a677a,1,Free,Pro,2024-08-20,,
6e3d2bdf-70a9-49f2-a079-3dd57c19cae9,1,Free,Pro,2025-06-06,2025-06-28,22.0
6e3d2bdf-70a9-49f2-a079-3dd57c19cae9,2,Pro,Teams,2025-06-28,2025-07-10,12.0
6e3d2bdf-70a9-49f2-a079-3dd57c19cae9,3,Teams,Enterprise,2025-07-10,,
d3f2218a-3ad9-4e98-beb0-471e97de4452,1,Free,Pro,2025-01-09,2025-02-06,28.0
d3f2218a-3ad9-4e98-beb0-471e97de4452,2,Pro,Teams,2025-02-06,2025-02-27,21.0
d3f2218a-3ad9-4e98-beb0-471e97de4452,3,Teams,Enterprise,2025-02-27,,
d5548a2b-caa4-47f6-981c-8fe1e8e31b20,1,Free,Pro,2024-11-18,2024-12-13,25.0
d5548a2b-caa4-47f6-981c-8fe1e8e31b20,2,Pro,Teams,2024-12-13,,
570de222-f2f6-4420-b75f-9ca64555ebe0,1,Free,Pro,2025-03-02,2025-03-28,26.0
570de222-f2f6-4420-b75f-9ca64555ebe0,2,Pro,Teams,2025-03-28,2025-04-27,30.0
570de222-f2f6-4420-b75f-9ca64555ebe0,3,Teams,Enterprise,2025-04-27,,
2f58cf23-8322-4d1c-b712-efec016d737b,1,Free,Pro,2025-06-26,2025-07-20,24.0
2f58cf23-8322-4d1c-b712-efec016d737b,2,Pro,Teams,2025-07-20,2025-08-06,17.0
2f58cf23-8322-4d1c-b712-efec016d737b,3,Teams,Enterprise,2025-08-06,,
b49ffcef-427b-452f-b023-cb68ba3bad59,1,Free,Pro,2025-01-12,2025-01-24,12.0
b49ffcef-427b-452f-b023-cb68ba3bad59,2,Pro,Teams,2025-01-24,2025-02-21,28.0
b49ffcef-427b-452f-b023-cb68ba3bad59,3,Teams,Enterprise,2025-02-21,,
f7ed02cc-2512-4083-b720-2b7d980d6c0d,1,Free,Pro,2025-06-25,2025-07-06,11.0
f7ed02cc-2512-4083-b720-2b7d980d6c0d,2,Pro,Teams,2025-07-06,2025-07-20,14.0
f7ed02cc-2512-4083-b720-2b7d980d6c0d,3,Teams,Enterprise,2025-07-20,,
ec8d06e6-c16b-4479-9c47-d6ce69c27d9b,1,Free,Pro,2024-11-03,,
6153dd31-ec25-408c-8c04-84b5bcf0a481,1,Free,Pro,2024-07-24,2024-08-09,16.0
6153dd31-ec25-408c-8c04-84b5bcf0a481,2,Pro,Teams,2024-08-09,2024-08-26,17.0
6153dd31-ec25-408c-8c04-84b5bcf0a481,3,Teams,Enterprise,2024-08-26,,
6f88f369-3e7e-4b8e-a19e-104119edb753,1,Free,Pro,2024-07-09,2024-08-07,29.0
6f88f369-3e7e-4b8e-a19e-104119edb753,2,Pro,Teams,2024-08-07,2024-08-26,19.0
6f88f369-3e7e-4b8e-a19e-104119edb753,3,Teams,Enterprise,2024-08-26,,
615597dd-4e53-46f2-9b8c-10a1ce20c24a,1,Free,Pro,2025-03-10,2025-03-28,18.0
615597dd-4e53-46f2-9b8c-10a1ce20c24a,2,Pro,Teams,2025-03-28,2025-04-17,20.0
615597dd-4e53-46f2-9b8c-10a1ce20c24a,3,Teams,Enterprise,2025-04-17,,
a8ce899d-a7d3-40e2-a8ba-4be83f8c78c1,1,Free,Pro,2024-10-20,,
543e431d-28ed-40d1-9e2e-dc90c2041b62,1,Free,Pro,2024-09-13,2024-09-28,15.0
543e431d-28ed-40d1-9e2e-dc90c2041b62,2,Pro,Teams,2024-09-28,,
6866873a-aaa4-4409-8689-0ed74852eb9c,1,Free,Pro,2024-09-01,2024-09-28,27.0
6866873a-aaa4-4409-8689-0ed74852eb9c,2,Pro,Teams,2024-09-28,,
322b138e-565e-424f-9c95-ea4f6aeb402f,1,Free,Pro,2025-01-16,2025-02-11,26.0
322b138e-565e-424f-9c95-ea4f6aeb402f,2,Pro,Teams,2025-02-11,2025-02-26,15.0
322b138e-565e-424f-9c95-ea4f6aeb402f,3,Teams,Enterprise,2025-02-26,,
dfb9c8db-4093-45cd-9bc4-3b6839e181e5,1,Free,Pro,2024-07-22,2024-08-16,25.0
dfb9c8db-4093-45cd-9bc4-3b6839e181e5,2,Pro,Teams,2024-08-16,2024-08-31,15.0
dfb9c8db-4093-45cd-9bc4-3b6839e181e5,3,Teams,Enterprise,2024-08-31,,
